,name,latitude,longitude
0,Mandeville Annex Gallery,32.8781369,-117.2403332
1,University Art Gallery (UAG),32.87780120000001,-117.2407337
2,Crafts Center Grove Gallery,32.8756918,-117.2356496
3,San Diego Center-Jewish Comm,32.8757165,-117.2153504
4,Gotthelf Art Gallery,32.87561000000001,-117.215004
5,Waveriders Gallery,32.89330359999999,-117.2175452
6,Copia Art,32.8697147,-117.2122829
7,Symbolic Collection,32.910368,-117.2292578
8,La Jolla Art Association,32.8540417,-117.2549193
9,La Playa Gallery,32.854059,-117.2550078
10,Upwelling Fine Art Gallery,32.85421700000001,-117.256759
11,San Diego Art Loft,32.91452999999999,-117.233872
12,Simic Galleries,32.88247339999999,-117.194889
13,Oriental Heritage Inc,32.9014363,-117.2004095
14,little bench art center,32.8491159,-117.2706657
15,The La Jolla Gallery,32.849285,-117.2710415
16,Don Morris Art,32.84928490000001,-117.2710415
17,Africa and Beyond,32.8492833,-117.2715135
18,Prospect Place Fine Art,32.8494832,-117.2717909
19,Siamak Art Gallery,32.849437,-117.271732
20,Fiore Del Mare Art Gallery,32.8486246,-117.2708494
21,Derissi Design Studio & Art,32.8489002,-117.2717699
22,T,32.8387817,-117.2480794
23,LIK Fine Art La Jolla,32.8488247,-117.2722422
24,Legends Gallery,32.8488517,-117.2723393
25,National Geographic | Fine Art Galleries,32.848645,-117.272145
26,Salazar Contemporary Fine Art,32.8488402,-117.2730539
27,Hallmark Galleries,32.8488402,-117.2730539
28,Ian Ely Gallery - La Jolla,32.8485186,-117.2728057
29,Contemporary Fine Arts Gallery,32.8480538,-117.2724848
30,Jane Burton,32.8481675,-117.272726
31,Renoir Fine Arts,32.8481675,-117.272726
32,Carlton Gallery Jewelry,32.8485784,-117.2733166
33,Martin Lawrence Galleries,32.8483782,-117.2732167
34,Warren-Grady Art Advisory Inc,32.8478321,-117.2726442
35,Studio Spiazzi,32.845247,-117.268961
36,Las Manos Del Artesano,32.8473532,-117.2737324
37,Arjang Art Group,32.84760170000001,-117.2741651
38,Fresh Paint Gallery,32.8479478,-117.2746842
39,Ravean/Aaron Gallery,32.8479478,-117.2746842
40,La Playa Gallery,32.846457,-117.2741393
41,Cosmopolitan Fine Arts,32.84696600000001,-117.274883
42,Mangelsen - Images of Nature Gallery,32.8468348,-117.274961
43,Art N Soul,32.835932,-117.224685
44,Device Gallery,32.8464462,-117.2750057
45,Independence Gallery,32.8464007,-117.2763245
46,Monarch | Arredon Contemporary,32.8463445,-117.2762555
47,La Jolla Galleria,32.8447822,-117.2750001
48,R.B. Stevenson Gallery,32.84336529999999,-117.2730208
49,Tim Craighead,32.84335399999999,-117.273012
50,Joseph Bellows Gallery,32.84335399999999,-117.273012
51,Miya Hannan,32.8432537,-117.272985
52,Tasende Gallery,32.84572739999999,-117.2767314
53,Art Grafik USA Inc,32.8440181,-117.2745026
54,Thumbprint Gallery,32.8435905,-117.2743262
55,Kelmanortiz Fine Frames,32.8438418,-117.2747303
56,K Nathan Gallery,32.843812,-117.274768
57,Aldis Browne Fine Arts,32.8441595,-117.2753731
58,Brennen Collection,32.8425572,-117.2733671
59,Evgeny Yorobe Photography - San Diego Fine Art Gallery,32.8428562,-117.2750236
60,Bank of America ATM,32.8799547,-117.2371192
61,USE Credit Union ATM,32.8803713,-117.2360659
62,Chase Bank ATM,32.88034879999999,-117.2360671
63,Wells Fargo ATM,32.880359,-117.236029
64,Wells Fargo ATM,32.8803533,-117.2360261
65,Chase ATM,32.87971960000001,-117.2361228
66,Chase Bank,32.8796773,-117.2361387
67,Chase ATM,32.8773008,-117.2401972
68,Wells Fargo ATM,32.8773008,-117.2401972
69,Bank of America ATM,32.8770477,-117.2398516
70,USE Credit Union,32.877251,-117.2338264
71,ATM (Chase Bank),32.8770768,-117.2340373
72,Chase ATM,32.87735290000001,-117.2335454
73,"Nationallink, Inc.",32.8755118,-117.2354504
74,ATM,32.8829542,-117.2260938
75,Cardtronics ATM,32.8711764,-117.2333255
76,ATM,32.88521550000001,-117.2252365
77,Cardtronics ATM,32.8699759,-117.2327501
78,SDCCU La Jolla Torrey Pines Branch,32.893718,-117.241757
79,Wells Fargo ATM,32.868735,-117.2333857
80,Access to Money,32.8690331,-117.2308461
81,Chase Bank,32.868136,-117.232342
82,Chase ATM,32.8681062,-117.2323827
83,Citibank ATM,32.868107,-117.232111
84,Bank of America ATM,32.8682473,-117.2316553
85,Union Bank,32.8674345,-117.2326982
86,ATM,32.8708126,-117.2256195
87,Merrimak Capital Corporation (ATM),32.89611,-117.239292
88,Wells Fargo Bank,32.86574529999999,-117.2317254
89,Wells Fargo ATM,32.8655579,-117.231981
90,SDCCU ATM,32.898129,-117.2429078
91,ATM Ledgelight Fcu,32.897869,-117.23013
92,ATM,32.8982163,-117.2298621
93,Bank of the West - ATM,32.8725229,-117.2167772
94,CalPrivate Bank,32.8770472,-117.2144077
95,Silvergate Bank,32.8745413,-117.2149444
96,ATM (BB&T),32.8738963,-117.2149124
97,Silvergate Bank,32.8736793,-117.2150154
98,City National Bank Branch,32.873602,-117.2150255
99,ATM (U.S. Bank),32.8744848,-117.2145865
100,Cardtronics ATM,32.9018105,-117.2437565
101,1st Pacific Bank of California,32.875628,-117.2133887
102,California Bank & Trust,32.8732815,-117.2134461
103,Cardtronics ATM,32.8627016,-117.2232301
104,Bank X,32.8740639,-117.2125378
105,Wells Fargo ATM,32.8723646,-117.213181
106,First Citizens Bank ATM,32.86905029999999,-117.2152314
107,First Citizens Bank,32.8690579,-117.2151447
108,Pacific Western Bank,32.87465,-117.211827
109,ATM,32.9020291,-117.2256761
110,Merrimak Capital Corporation (ATM),32.9039049,-117.2439205
111,Wells Fargo Home Mortgage,32.8725458,-117.2121474
112,Wells Fargo Bank,32.8725706,-117.212124
113,Union Bank,32.90178390000001,-117.2232316
114,ATM (Union Bank),32.90178390000001,-117.2232316
115,Coinme Bitcoin ATM,32.8707333,-117.2118647
116,ATM (Bank of America),32.8741603,-117.2102246
117,Bounce Back Investments LLC,32.8977556,-117.2163376
118,Wells Fargo ATM,32.867319,-117.2141916
119,Bank of America,32.87411960000001,-117.2101373
120,Sprinkles Cupcakes and Ice Cream,32.86920260000001,-117.232035
121,Einstein Bros. Bagels,32.8729612,-117.2175092
122,Specialty's Café & Bakery,32.8747665,-117.2133647
123,OHB of San Diego,32.86283470000001,-117.2243669
124,Daily Bagel,32.86273219999999,-117.2244225
125,Bristol Farms La Jolla,32.8675634,-117.2151042
126,85°C Bakery Cafe,32.8694611,-117.2126034
127,85C Bakery Cafe - San Diego (University Town Center),32.8694977,-117.2125655
128,'Lette Macarons - San Diego,32.87095949999999,-117.2106303
129,Corner Bakery Cafe,32.8726508,-117.2093941
130,The Edible Ornament Company,32.9067843,-117.2272839
131,Violet Del Mar,32.9052454,-117.2157485
132,Cheese Shop,32.8536671,-117.2562947
133,The Coffee Bean & Tea Leaf,32.8543319,-117.2035575
134,Golden Donut,32.8536312,-117.2024209
135,AT Coffee House,32.8491159,-117.2706657
136,Centerpiece Desserts,32.8875416,-117.1823927
137,Benefit 1 Bakery,32.8875416,-117.1823927
138,Girard Gourmet,32.8458056,-117.2740638
139,Sugar and Scribe Bakery - Fine Food,32.84295,-117.275162
140,Euro Pastry & Chocolate Fountain,32.8266851,-117.228855
141,Blue Box Bagels And Brew,32.9060222,-117.1775212
142,pastry,32.878996,-117.168846
143,Krispy Kreme Doughnuts,32.8309843,-117.2022515
144,Great Circle Family Foods LLC,32.8309956,-117.2021752
145,Cold Stone Creamery,32.8296743,-117.2049768
146,Sadie Rose Baking Co,32.88631919999999,-117.1676137
147,Donut Touch,32.90634250000001,-117.1738331
148,Costco Bakery,32.8229884,-117.2251845
149,Busy Bee's Bagel Bakery,32.831601,-117.276203
150,La Clochette Du Coin,32.8311487,-117.2766988
151,Best Donuts & Deli,32.8354255,-117.1890683
152,Holsum Bakery,32.8835613,-117.1629229
153,Gourmet Artisan Bakery,32.8798199,-117.1616766
154,Chase Bank,32.8796773,-117.2361387
155,Chase Bank,32.868136,-117.232342
156,Bank of America Financial Center,32.8681584,-117.2320378
157,Citibank,32.8681152,-117.2320666
158,Union Bank,32.8674345,-117.2326982
159,TIAA Financial Services,32.86787090000001,-117.2285648
160,North American Bancard of San Diego,32.866169,-117.232575
161,Wells Fargo Bank,32.86574529999999,-117.2317254
162,SDCCU ATM,32.898129,-117.2429078
163,ATM Ledgelight Fcu,32.897869,-117.23013
164,Bank of the West,32.8724846,-117.2167745
165,Union Bank,32.886059,-117.2145239
166,CalPrivate Bank,32.8770472,-117.2144077
167,Pacific Mercantile Bank,32.8739222,-117.2155473
168,Silvergate Bank,32.8745413,-117.2149444
169,Silvergate Bank,32.8736793,-117.2150154
170,City National Bank Branch,32.873602,-117.2150255
171,USB GTO,32.8744266,-117.2144673
172,U.S. Bank Branch,32.8744266,-117.2144673
173,1st Pacific Bank of California,32.875628,-117.2133887
174,Mechanics Bank,32.8757396,-117.2132558
175,California Bank & Trust,32.8732815,-117.2134461
176,Torrey Pines Bank,32.875348,-117.212207
177,First Citizens Bank,32.8690579,-117.2151447
178,Pacific Western Bank,32.87465,-117.211827
179,SDCCU UTC Regents Branch,32.861763,-117.223345
180,Wells Fargo Bank,32.8725706,-117.212124
181,First Foundation Bank,32.873957,-117.2113297
182,Northern Trust,32.8741493,-117.211174
183,Banner Bank,32.8778239,-117.2100571
184,Silicon Valley Bank,32.8740097,-117.2111392
185,Capital One Café,32.8702134,-117.2129258
186,Union Bank,32.90178390000001,-117.2232316
187,Bounce Back Investments LLC,32.8977556,-117.2163376
188,Bank of America,32.87411960000001,-117.2101373
189,Wells Fargo Bank,32.8672671,-117.214209
190,Bank of America Financial Center,32.8742079,-117.2100112
191,Comerica Bank,32.875875,-117.207071
192,Union Bank,32.8746517,-117.2064297
193,Crestmark Bank,32.87179260000001,-117.2071001
194,U.S. Bank Branch,32.875097,-117.2041308
195,Mike Radi with PrimeLending San Diego,32.875064,-117.203952
196,Bank of America Financial Center,32.8925332,-117.2040619
197,Chase Bank,32.893057,-117.203989
198,Principal life insurance company,32.8913393,-117.203115
199,Wells Fargo Bank,32.8918975,-117.2024126
200,Merchant Banking Strategies,32.8942197,-117.2032119
201,State Street Bank & Trust Co,32.8971493,-117.2010501
202,California Coast Credit Union-atm only,32.8517497,-117.214837
203,Mutual of Omaha Bank,32.91946280000001,-117.2343922
204,SDCCU ATM,32.8966714,-117.1937506
205,Chase Bank,32.854237,-117.201753
206,SDCCU Sorrento Mesa Branch,32.90086780000001,-117.192923
207,U.S. Bank ATM - Torrey Hills Vons,32.9202213,-117.2150717
208,U.S. Bank Branch,32.9203046,-117.2149726
209,Bank of America Financial Center,32.9209888,-117.2163967
210,First Republic Bank,32.8492119,-117.2729164
211,Union Bank,32.9210785,-117.21569
212,Opus Bank,32.8486258,-117.2722292
213,REALTY,32.8953364,-117.1876891
214,Fireside Lounge,32.882152,-117.23872
215,Sun God Lounge,32.8800296,-117.2371376
216,Zanzibar Cafe At the Loft,32.87960690000001,-117.2358855
217,Hops and Salt,32.8856385,-117.2405121
218,Middle Earth Lounge,32.8852891,-117.243083
219,Estancia La Jolla Hotel & Spa,32.8842343,-117.2445404
220,Rock Bottom Restaurant & Brewery,32.871188,-117.2342458
221,Woo Karaoke,32.8705384,-117.2319578
222,Humphreys La Jolla Grill,32.8703607,-117.2314417
223,Shooters,32.8703607,-117.2314417
224,Rough Draft Brewing Pub - UCSD,32.87564599999999,-117.2227223
225,Torrey Pints,32.8687404,-117.2306258
226,BJ's Restaurant & Brewhouse,32.8679338,-117.2331176
227,Regency Club,32.8710072,-117.2254036
228,Drift,32.8710436,-117.2253254
229,Islands Restaurant La Jolla,32.8674715,-117.2315896
230,Fleming's Prime Steakhouse & Wine Bar,32.8707943,-117.2242815
231,Truluck's,32.870847,-117.224199
232,The Melting Pot,32.870503,-117.224327
233,Symbolic Wines,32.8660329,-117.2334287
234,zpizza Taproom,32.8651198,-117.231587
235,Torreyana Grille,32.901535,-117.243771
236,The Wine Bar,32.8723646,-117.213181
237,Ki Sushi & Sake Bar,32.8690579,-117.2151447
238,Raised by Wolves,32.8721475,-117.2128706
239,Great Maple - La Jolla,32.87015969999999,-117.2136762
240,Apollonia Greek Bistro,32.8681973,-117.2150388
241,Pubs Arena,32.874076,-117.211074
242,The Grill at Torrey Pines,32.9042323,-117.2449641
243,Smokeyard,32.8694144,-117.2129128
244,ArcLight Cinemas,32.8711157,-117.2116741
245,Bottlecraft Sorrento Valley,32.905029,-117.2286341
246,Seasons 52,32.8722686,-117.2096959
247,Galaxy Taco,32.853672,-117.254454
248,New English Brewing - San Diego Brewery,32.9122877,-117.2319314
249,Piatti,32.854036,-117.2560424
250,Shore Rider Bar,32.8541129,-117.256355
251,Shores Restaurant,32.8549788,-117.2581556
252,Barbarella Restaurant & Bar,32.8536352,-117.2561066
253,Osteria Romantica,32.8537186,-117.2564323
254,Hiatus Pool Lounge,32.8512762,-117.2532464
255,Cusp Dining & Drinks,32.8511949,-117.253239
256,Karl Strauss Brewing Company,32.8965403,-117.201789
257,Outcast Grill,32.8518499,-117.2172029
258,launchbox,32.9169065,-117.2371312
259,Bistro 39 Restaurant and Bar,32.9171592,-117.2287647
260,Chili's Grill & Bar,32.8969789,-117.1930056
261,Goldfish Point Cafe,32.8495053,-117.2707543
262,Brockton Villa Restaurant,32.84984859999999,-117.2715422
263,Eddie V's Prime Seafood,32.8492463,-117.271049
264,"Lighthouse Oyster Bar & Grill, 262 Harbor Dr.",32.8985648,-117.1904165
265,Covo La Jolla,32.848645,-117.272145
266,Gravity Heights,32.90075699999999,-117.191026
267,We Olive & Wine Bar,32.84883720000001,-117.2731547
268,La Sala Lounge,32.8486381,-117.2736945
269,THE MED,32.8486381,-117.2736945
270,La Jolla Inn,32.84826,-117.27402
271,Karl Strauss Brewing Company,32.8471828,-117.2736503
272,The Spot,32.8474816,-117.2744507
273,Puesto La Jolla,32.8469862,-117.2738346
274,Salon 101,32.879573,-117.2362974
275,Salon De Claude & Spa Corporation,32.8752598,-117.2356856
276,Hair Carole F,32.8749458,-117.2322794
277,La Jolla Plastic Surgery & Dermatology,32.88326,-117.226499
278,The Nails Club,32.8695007,-117.2323279
279,Young Attitudes Aveda Salon & Spa,32.86947060000001,-117.2313912
280,Drybar La Jolla,32.8690741,-117.2325404
281,European Wax Center,32.8690314,-117.2326104
282,Empire Beauty,32.8694735,-117.2309669
283,Threadology,32.8690331,-117.2308461
284,Shaft Medical San Diego,32.8708871,-117.2269089
285,La Jolla Face and Body,32.8700128,-117.2266867
286,Karen Berger BS,32.8698445,-117.2262713
287,Pepe Roxanne MD,32.8678581,-117.2284106
288,Belladerma Cosmetic Surgery & Skin Care Center,32.8678105,-117.2284322
289,Supercuts,32.8666911,-117.2312827
290,Benefit Brow Bar at Ulta,32.8656058,-117.2319667
291,Salon Petite on Nobel,32.8672595,-117.2272884
292,Ulta Beauty,32.8654375,-117.2319651
293,ThousandLashes,32.8696115,-117.2210579
294,Joel C Ma Hair Studio,32.8732042,-117.217609
295,Aesthetic Medicine,32.8730144,-117.2172979
296,Lashes By Nxncy,32.8702479,-117.21921
297,X Rated Hair,32.87193610000001,-117.2178881
298,Evian Salon & Spa,32.87220299999999,-117.21758
299,Sterling Mobile Salon,32.8738206,-117.2156617
300,TAAZ,32.8745413,-117.2149444
301,Beginner's Mind Method,32.89817500000001,-117.2219147
302,Mcneil Wendy II,32.86283470000001,-117.2243669
303,Cindy's Hair Design,32.86283470000001,-117.2243669
304,Supercuts,32.8699011,-117.2154937
305,Nail 2000 of UTC,32.86262149999999,-117.2241027
306,Fantastic Sams Cut & Color,32.86195549999999,-117.2246316
307,Intercasting,32.8740639,-117.2125378
308,Justin At Richard Joseph Salon,32.8960272,-117.2172236
309,Zia Threading,32.8688819,-117.2149801
310,Bare Elegance Waxing,32.86882209999999,-117.2150167
311,Pampered Hands Nails Salon,32.86872930000001,-117.2150864
312,Michael's Hair Design,32.8720863,-117.2126297
313,The Spa Torrey Pines,32.9038014,-117.2444913
314,Massage Envy - UTC,32.8679881,-117.2152092
315,Credo,32.8718794,-117.2124937
316,Mane Tamers,32.9011568,-117.2225372
317,Skin Solutions,32.8764553,-117.2103327
318,Benefit Brow Bar at Macy's,32.8691003,-117.2124635
319,Jackson Marsha,32.8735309,-117.20974
320,Raphael International Hair,32.8735309,-117.20974
321,South Coast MedSpa San Diego,32.8945598,-117.2120399
322,Gold Elements Spa,32.8707249,-117.2101622
323,Brazilia Skin Care & Day Spa UTC,32.87062240000001,-117.209742
324,Newport Hair Loss Center,32.8747002,-117.2065197
325,Brenda's Hairstyling,32.8674677,-117.2064278
326,Nails by TM,32.8674677,-117.2064278
327,LaserAway,32.8678464,-117.2061498
328,Hairlich Beauty Salon,32.8674912,-117.2058262
329,Adrian's Creations Hair & Nail,32.8673818,-117.2058258
330,Khatamee Miryam,32.8673818,-117.2058258
331,Holder Jamie,32.8673818,-117.2058258
332,Hairlich now L-TRANsformation,32.8673818,-117.2058258
333,L-TRANsformation,32.8673906,-117.2058062
334,Campus Bike & Skate,32.8769364,-117.2398519
335,UC Cyclery,32.867425,-117.23268
336,Cycle Quest,32.9018509,-117.2253978
337,North of the Border Bike Shop,32.90512460000001,-117.2147331
338,Performance Bicycle,32.91407199999999,-117.232927
339,International Shops Courtyard,32.84872410000001,-117.2717002
340,Pacific Beach Bike,32.84722,-117.27333
341,San Diego Fly Rides,32.83980909999999,-117.2725291
342,Phantom Bikes,32.8811741,-117.1733499
343,Phantom Bikes LLC,32.8812836,-117.1731782
344,Dregs Skateboards,32.8271336,-117.2301778
345,California Bicycle Inc,32.8386239,-117.2786479
346,TrainChange Indoor Cycling & Circuit Training Studio,32.9057413,-117.1763764
347,WeeBikeShop Inc,32.8820742,-117.1665014
348,Q Bikes,32.8275317,-117.2063947
349,UCSD Bookstore,32.87944079999999,-117.2369353
350,Groundwork Bookstore,32.87722899999999,-117.240103
351,Deseret Book,32.8654195,-117.2324177
352,Taming Your Guts,32.8689328,-117.223184
353,San Diego Jewish Book Fair,32.87561000000001,-117.215004
354,Book Place,32.874059,-117.2125764
355,Barnes & Noble,32.8692096,-117.2153401
356,Amazon Books,32.8712879,-117.2099981
357,IDEA Health & Fitness Association,32.9038318,-117.2088281
358,Baby Genius,32.8937588,-117.1940599
359,Horrible Books,32.85766450000001,-117.2012135
360,Del Sol Books,32.8576451,-117.2012158
361,Angela Book Store,32.8489488,-117.2726706
362,Fairy Good Heart LLC,32.844866,-117.269376
363,Christian Science Reading Room,32.84616129999999,-117.2740068
364,"Higuera Law Offices, APLC",32.92853279999999,-117.2390386
365,Warwick's,32.8453493,-117.2742885
366,D G Wills Books,32.8401259,-117.2719983
367,Bauer Rare Books,32.839977,-117.2727094
368,Serenity Shop,32.8349602,-117.1888289
369,Gilman Dr & Myers Dr,32.8771987,-117.235467
370,Gilman Dr & Myers Dr,32.87694860000001,-117.2355329
371,N Torrey Pines Rd & Muir College Dr,32.8813497,-117.2436898
372,N Torrey Pines Rd & Almahurst Row,32.8804647,-117.2440283
373,Gilman Dr & Eucalyptus Grove Ln,32.8757813,-117.2392102
374,Gilman Dr & Eucalyptus Grove Ln,32.8752655,-117.2387549
375,N Torrey Pines Rd & Salk Institute Rd,32.88578640000001,-117.2439582
376,N Torrey Pines Rd & Torrey Pines Scenic Dr,32.8865337,-117.2436539
377,VA Hospital,32.87483069999999,-117.2329621
378,N Torrey Pines Rd & Torrey Pines Scenic Dr,32.887475,-117.2438372
379,N Torrey Pines Rd & La Jolla Shores Dr,32.8749007,-117.2437961
380,N Torrey Pines Rd & La Jolla Shores Dr,32.8746448,-117.2434935
381,N Torrey Pines Rd & North Point Dr,32.8895582,-117.2424827
382,Scholars Dr South & Revelle College Dr,32.8726624,-117.2415267
383,Villa La Jolla Dr & La Jolla Village Dr,32.8724894,-117.2339456
384,Scholars Dr South & Revelle College Dr,32.8724011,-117.2412143
385,La Jolla Shores Dr & Inyaha Ln,32.8739844,-117.244955
386,La Jolla Shores Dr & Poole St,32.8738204,-117.2448392
387,N Torrey Pines Rd & Genesee Av,32.89135889999999,-117.2414051
388,Revelle College Dr & N Torrey Pines Rd,32.8715699,-117.242042
389,Villa La Jolla Dr & La Jolla Village Dr,32.87126049999999,-117.2339905
390,La Jolla Village Dr & Villa La Jolla Dr,32.8714956,-117.2331072
391,N Torrey Pines Rd & Expedition Way,32.8716419,-117.2436844
392,Voigt Dr & Scripps Memorial Hospital,32.8826182,-117.2245244
393,Voigt Dr & Scripps Memorial Hospital,32.8823979,-117.2242321
394,Gilman Dr & Evening Way,32.8695661,-117.2379352
395,La Jolla Village Dr & N. Torrey Pines Rd,32.86997219999999,-117.2417928
396,John Hopkins Ct & General Atomics (Building Entran,32.89399530000001,-117.2365351
397,La Jolla Shores Dr & Horizon Way,32.8714452,-117.2469424
398,Gilman Dr & Evening Way,32.86880550000001,-117.238184
399,General Atomics Ct & John Hopkins Dr (Before Turn),32.894073,-117.2391911
400,N Torrey Pines Rd & Scripps Clinic Drwy,32.89407839999999,-117.2412599
401,La Jolla Shores Dr & Horizon Way,32.871272,-117.2476277
402,Medical Center Dr & Health Sciences Dr,32.8790463,-117.2222829
403,10350 Science Center Dr,32.89333010000001,-117.2307013
404,Medical Center Dr & Health Sciences Dr,32.8791399,-117.222123
405,Genesee Av & Scripps Hospital,32.88423640000001,-117.2221709
406,Genesee Av & Scripps Hospital,32.8844796,-117.2220042
407,N Torrey Pines Rd & Scripps Clinic Drwy,32.8952752,-117.2411105
408,Nobel Dr & La Jolla Village Square Drwy,32.868011,-117.231658
409,Regents Road West Lot,32.8800013,-117.2205982
410,Genesee Av & Campus Point Dr,32.8824855,-117.2204316
411,La Jolla Shores Dr & Discovery Way,32.869503,-117.2485228
412,Genesee Av & Campus Point Dr,32.88155109999999,-117.2197177
413,La Jolla Shores Dr & Discovery Way,32.8691919,-117.2485909
414,La Jolla Village Dr & Lebon Dr,32.8712501,-117.2238546
415,La Jolla Shores Dr & Shellback Way,32.8702241,-117.2514558
416,La Jolla Village Dr & Lebon Dr,32.8706102,-117.2233404
417,Nobel Dr & Lebon Dr,32.8686002,-117.2252876
418,N Torrey Pines Rd & John Hopkins Dr,32.89780189999999,-117.2420414
419,Gilman Dr & Villa La Jolla Dr,32.8647114,-117.236257
420,La Jolla Shores Dr & Biological Grade,32.8694497,-117.2517075
421,N Torrey Pines Rd & John J. Hopkins Dr,32.8979286,-117.2416616
422,Nobel Dr & Lebon Dr,32.8682932,-117.2251832
423,Lebon Dr & Nobel Dr,32.8685972,-117.2246896
424,John Hopkins Dr & N Torrey Pines Rd (Before Turn),32.89819190000001,-117.2417363
425,Gilman Dr & Villa La Jolla Dr,32.86435090000001,-117.2363753
426,Villa La Jolla Dr & Gilman Dr,32.8642546,-117.235345
427,La Jolla Shores Dr & Downwind Way,32.8686088,-117.2516914
428,La Jolla Shores Dr & Downwind Way,32.8676711,-117.2520878
429,Audrey's Café,32.8811083,-117.2375732
430,Starbucks,32.880086,-117.236406
431,Perks Coffee Shop,32.8792299,-117.2369253
432,Zanzibar Cafe At the Loft,32.87960690000001,-117.2358855
433,Tapioca Express,32.87963169999999,-117.2356142
434,Chez Bob,32.881825,-117.2335343
435,Art of Espresso,32.87763949999999,-117.2391975
436,Muir Woods Coffee House,32.878797,-117.2425912
437,Peet's Coffee,32.8859845,-117.240493
438,Café Ventanas,32.8860786,-117.2427651
439,Fairbanks Coffee,32.8749862,-117.2406743
440,Happy Bean Caffe,32.8874381,-117.2452489
441,Salk Cafe,32.8867613,-117.2466972
442,Bella Vista Social Club & Caffe,32.88917899999999,-117.244
443,Green Acre Nautilus,32.8935192,-117.2383
444,Come On In! Café,32.878748,-117.223344
445,Philz Coffee,32.8693475,-117.231964
446,Nekter Juice Bar,32.8690924,-117.232086
447,The Patio Marketplace,32.8710217,-117.2269729
448,Allegro Coffee Company,32.8688799,-117.2307914
449,Mrs.Gooch's Cafe,32.868574,-117.2306523
450,GardenBlend Caffé,32.8695666,-117.2273864
451,Mind the Cup Cafe,32.8675311,-117.2287541
452,Starbucks,32.86592,-117.2322
453,Einstein Bros. Bagels,32.8729612,-117.2175092
454,Pinpoint Cafe,32.8671765,-117.2527237
455,Starbucks,32.872842,-117.21743
456,Lawrence Family Jewish Community Center,32.8756964,-117.2157629
457,The Bean,32.87561000000001,-117.215004
458,Eddy M’s Café,32.8745119,-117.2149726
459,Swimtails,32.8863759,-117.2141698
460,Specialties Café and Bakery,32.8745275,-117.2137014
461,Specialty's Café & Bakery,32.8747665,-117.2133647
462,Tapioca Express,32.86288799999999,-117.22465
463,Shanghai Cafe,32.86283470000001,-117.2243669
464,Caroline's Seaside Cafe,32.8645397,-117.2541726
465,Starbucks,32.869634,-117.215404
466,Starbucks,32.862661,-117.223582
467,The Patio Marketplace,32.884531,-117.2113434
468,Zumbar Coffee & Tea,32.90198549999999,-117.2256526
469,LuckyBolt,32.9019643,-117.2254987
470,Nordstrom Ebar Artisan Coffee,32.8709914,-117.2133726
471,La Colombe Coffee,32.8719186,-117.2128116
472,Cafe Fusion,32.8779084,-117.2105126
473,Cafe Pascale,32.876047,-117.210774
474,Peet's Coffee,32.8675462,-117.2151484
475,Capital One Café,32.8702134,-117.2129258
476,McDonald's,32.86682119999999,-117.2153675
477,In House,32.87239199999999,-117.211327
478,JOE & THE JUICE,32.87143270000001,-117.2115036
479,85C Bakery Cafe - San Diego (University Town Center),32.8694977,-117.2125655
480,Come On In! Cafe,32.9051596,-117.2312889
481,Bottega Italiana,32.8706362,-117.2117534
482,Copa Vida,32.9048483,-117.2289305
483,NESPRESSO,32.8709766,-117.2111364
484,Come On In! Cafe,32.90597,-117.2420503
485,Starbucks,32.870747,-117.210479
486,Starbucks,32.870755,-117.21044
487,Corner Bakery Cafe,32.8726508,-117.2093941
488,Elixir Espresso Bar,32.87172329999999,-117.2097336
489,Santa Fe Park RV Resort,32.827513,-117.231687
490,Friends Resale Shop,32.8783962,-117.2372235
491,La Jolla Design,32.8730397,-117.2443139
492,Nordstrom Rack The Shops at La Jolla Village,32.86933500000001,-117.2333583
493,Marshalls,32.866559,-117.231565
494,Ross Dress for Less,32.86574529999999,-117.2317254
495,Pier 1,32.865606,-117.231977
496,Work Or Play Clothing Co.,32.870079,-117.219547
497,Athlete Shop,32.87360199999999,-117.2150254
498,THREAD AVENUE,32.87354199999999,-117.214994
499,ALOR International LTD,32.8746124,-117.2133598
500,Aritzia,32.8718869,-117.2135875
501,Lacoste,32.8723646,-117.213181
502,Suitsupply San Diego,32.87188459999999,-117.21342
503,Men's Wearhouse,32.8689782,-117.2151104
504,The House Of Halloween,32.86895490000001,-117.2149609
505,Nordstrom La Jolla at UTC,32.8709921,-117.2133749
506,Vineyard Vines,32.8715254,-117.2129522
507,Lacoste,32.8721528,-117.2126067
508,Johnny Was,32.87136469999999,-117.2128631
509,UNTUCKit,32.8714062,-117.2128364
510,Jo Malone London,32.8716878,-117.2126082
511,Marine Layer,32.87192959999999,-117.2124732
512,Rodd & Gunn,32.87120739999999,-117.2128545
513,Billabong,32.8706235,-117.2128397
514,No Rest For Bridget San Diego,32.8712059,-117.2124827
515,Billabong,32.870436,-117.212941
516,JAMES PERSE,32.8719112,-117.2120855
517,James Perse,32.87195599999999,-117.2120555
518,My Sister's Closet,32.86811369999999,-117.2145911
519,Superdry,32.8703465,-117.2129342
520,SKECHERS Retail,32.8702134,-117.2129258
521,Sundance Catalog,32.8717129,-117.2118419
522,Cotton On,32.8698852,-117.2129287
523,Typo,32.8699611,-117.2128565
524,Brandy Melville,32.872191,-117.2115392
525,American Eagle Outfitters,32.8697424,-117.2129281
526,Allen Edmonds,32.8716675,-117.2117528
527,lululemon,32.87159719999999,-117.2116588
528,Stance University Towne Center,32.8700516,-117.2125111
529,Turkish Towels & More - Citizens of the Beach,32.8634039,-117.21866
530,Forever 21,32.8710093,-117.2117184
531,Justice,32.8702949,-117.211965
532,Michael Kors,32.8715458,-117.2111888
533,J.Crew,32.8712385,-117.2113525
534,Find Your Feet,32.86983420000001,-117.2121254
535,Sun Diego,32.87064110000001,-117.2115993
536,Abercrombie & Fitch,32.8698406,-117.2120775
537,Scarves,32.8716147,-117.2110419
538,Brighton,32.8706842,-117.2115153
539,PANDORA Jewelry,32.8707273,-117.2114761
540,Roehampton Road - Westfield UTC,32.8696942,-117.2120558
541,Macy's,32.8692267,-117.2123635
542,Sock Harbor,32.8696945,-117.2120498
543,Janie and Jack,32.8714187,-117.2109832
544,BCBGeneration,32.8690191,-117.2124388
545,KAA,32.86979819999999,-117.211854
546,Tommy Bahama,32.8713847,-117.2108647
547,Oakley Store,32.8701586,-117.2115222
548,Free People,32.8713085,-117.2108056
549,Gymboree,32.8698452,-117.2116321
550,Sunshine Market,32.8796303,-117.2360054
551,Short Stop Grab & Go,32.8858784,-117.2405375
552,Amazon Locker - Village,32.88800999999999,-117.242541
553,Roger's Place and Market,32.8745036,-117.2422475
554,Gary & Mary West,32.891523,-117.24176
555,Mobil Gas Station,32.8712214,-117.2333864
556,CVS,32.8692862,-117.2306593
557,Street Corner,32.8746222,-117.2118947
558,San Diego Car Care,32.8669874,-117.2159403
559,Chevron San Diego,32.8670128,-117.2158454
560,Violet Del Mar,32.9052454,-117.2157485
561,CVS,32.8673639,-117.2058893
562,Whale Tails Tortilla Chips,32.8542033,-117.2562903
563,Shell,32.85085499999999,-117.254042
564,Mobil,32.85422399999999,-117.204927
565,Shell,32.8543913,-117.2040569
566,Rite Aid,32.854001,-117.202289
567,star residential,32.8563052,-117.1969572
568,Stars & Stripes Travel Center,32.8771085,-117.1861179
569,Document Express,32.847288,-117.2730822
570,La Jolla Outpost,32.8481295,-117.2745083
571,Mt. Soledad Market & Deli,32.832217,-117.244663
572,CVS,32.8406183,-117.2748494
573,Shell,32.9336002,-117.2399549
574,ampm,32.93486299999999,-117.237696
575,Carmel Valley Market Wine & Spirits,32.9333461,-117.2530476
576,Chevron,32.8783627,-117.1731663
577,Chevron,32.8388185,-117.2778794
578,EM ExtraMile,32.8386058,-117.2781809
579,ampm,32.8781319,-117.1720839
580,Shell,32.9371616,-117.2309449
581,CVS,32.8315112,-117.2047409
582,7-Eleven,32.8328478,-117.2765725
583,Shell,32.906571,-117.17469
584,ampm,32.8347928,-117.1952731
585,CHEVRON,32.9070966,-117.1716659
586,Kavanaugh Arthur Fran MD,32.87995479999999,-117.23712
587,"Colin A. Depp, PhD",32.8807041,-117.2400766
588,Haas Richard MD,32.8807041,-117.2400766
589,Schanzlin David J MD,32.8807041,-117.2400766
590,"Dr. Robert R. Gorney, MD",32.8807041,-117.2400766
591,University-California Library: Wachs Deborah S MD,32.8807041,-117.2400766
592,Jonathan Walters (MD),32.8793408,-117.2379866
593,Dr. Charles Maletz,32.8807318,-117.2401999
594,University-California Library: Kallenberg Gene A MD,32.8808279,-117.2403243
595,Ayyad Alaeddin M MD,32.8806946,-117.2403095
596,"Dr. William C. Mobley, MD",32.88240690000001,-117.2348172
597,"Dr. Jung S. Yi, MD",32.8769216,-117.2361543
598,"Dr. Camellia P. Clark, MD",32.8769206,-117.2361539
599,"Dr. Alan F. Hofmann, MD",32.8769236,-117.2361402
600,"Dr. Michael K. Gilson, MD",32.8769207,-117.2361478
601,"Dr. Jaime S. Green, MD",32.8769207,-117.2361478
602,"Dr. John A. Thorson, MD",32.8769207,-117.2361478
603,"Joan P. Laundy, MSN",32.8769207,-117.2361478
604,"Dr. Edward O. O'brien, MD",32.8769207,-117.2361478
605,"Sharon L. Nichols, PHD",32.8768903,-117.2361799
606,"Dr. Scott R. Vandenberg, MD",32.8768728,-117.2361367
607,"Natalie M. Rice-Thorp, PHD",32.8768656,-117.2360968
608,Dr. John R Kelsoe,32.87758470000001,-117.2336912
609,Klap Patricia C MD,32.87721269999999,-117.234046
610,"Rhonda L. Hackshaw, PHD",32.877189,-117.2339476
611,University-California Library: Zu Kai MD,32.87713159999999,-117.2339933
612,University-California Library: Brownell Kristin MD,32.87708080000001,-117.2340202
613,Campbell Niday Takeshia MD,32.87708080000001,-117.2340202
614,Aldous Jeannette MD,32.87708080000001,-117.2340202
615,University-California Library: Pilz Renate B MD,32.87708080000001,-117.2340202
616,University-California Library: Rodwell Timothy MD,32.87708080000001,-117.2340202
617,University-California Library: Perkins David L MD,32.87708080000001,-117.2340202
618,"Dr. Chih-Wen Shi, MD",32.87708080000001,-117.2340202
619,University-California San Dego: Silverman Gregg MD,32.87708080000001,-117.2340202
620,University-California Library: Zivin Justin Alle MD,32.87708080000001,-117.2340202
621,Osorio Georgina MD,32.87708080000001,-117.2340202
622,Grimm Paul C MD,32.87708080000001,-117.2340202
623,University-California Library: Zisook Sidney MD,32.87708080000001,-117.2340202
624,Ward Suzanne F,32.87708080000001,-117.2340202
625,Ries Andrew L MD,32.87708080000001,-117.2340202
626,Lane Thomas MD,32.87708080000001,-117.2340202
627,Ross Jr John MD,32.87708080000001,-117.2340202
628,Bundens Warner P MD,32.87708080000001,-117.2340202
629,University-California Library: Carrier Ewa K MD,32.87708080000001,-117.2340202
630,University-California Library: Sanmiguel Stacie MD,32.87708080000001,-117.2340202
631,Park Daniel MD,32.87708080000001,-117.2340202
632,Irwin Abby M MD,32.87708080000001,-117.2340202
633,Savides Thomas J MD,32.87708080000001,-117.2340202
634,University-California Library: Smith David Mitch MD,32.87708080000001,-117.2340202
635,Univ of Ca San Diego Med Center: Lanouette Nicole MD,32.87708080000001,-117.2340202
636,Margolis David A MD,32.87708080000001,-117.2340202
637,Puri Paul R MD,32.87708080000001,-117.2340202
638,Cowgill Steven C MD,32.87708080000001,-117.2340202
639,"Dr. Caitlin E. Carter, MD",32.87708080000001,-117.2340202
640,Eraly Satish A MD,32.87708080000001,-117.2340202
641,University-California Library: Atwater Benjamin I MD,32.87708080000001,-117.2340202
642,Mendoza Stanley A MD,32.87708080000001,-117.2340202
643,Univ of Ca San Diego Med Center: Nadeau Jennifer MD,32.87708080000001,-117.2340202
644,Hematology Oncology Clinic: Millard Frederick E MD,32.87708080000001,-117.2340202
645,Langham Kathryn A MD,32.87708080000001,-117.2340202
646,RIMAC Complex,32.8851041,-117.2404977
647,UCSD Outback Climbing Center,32.8804971,-117.2317617
648,Muir Gymnasium,32.87714940000001,-117.2412479
649,Recreation Gymnasium,32.876772,-117.2412938
650,"Spanos Athletic Performance Center, UCSD",32.8898929,-117.2404215
651,WellStrong Fitness,32.8913844,-117.2416612
652,Reverence Yoga,32.87006950000001,-117.2333932
653,Mesa Nueva Pool,32.8750411,-117.2231421
654,Pilates UTC San Diego | Pilates Studio La Jolla | SOULution Pilates,32.8681532,-117.2321801
655,Club Pilates,32.86574529999999,-117.2317254
656,Exos Gym,32.8923245,-117.2229605
657,The Fitness Guru,32.8762158,-117.2181715
658,Campus Point Fitness Center,32.8946125,-117.2242175
659,La Jolla Country Day School Gym,32.8775035,-117.2174092
660,Shally Health Club,32.8696115,-117.2210579
661,Friedenberg Olympic Pool,32.8758403,-117.2162589
662,Басcейн,32.8655693,-117.2245274
663,Shiley Sports & Health Center,32.900344,-117.242986
664,San Diego Rhythms Rhythmic Gymnastics,32.8756101,-117.2150039
665,Cassie Nevitt - Classical Pilates,32.8922572,-117.2175745
666,S6 Fitness,32.8923569,-117.2176255
667,"JCC Fitness, Gym, Pool & Sports Leagues",32.875465,-117.214832
668,CrossFit Del Mar,32.8945155,-117.2187109
669,Transform Training,32.87032529999999,-117.2167909
670,Woodlands West II Tennis Courts,32.860272,-117.2317242
671,Siddha Yoga Meditation Center,32.8956844,-117.2173146
672,CorePower Yoga,32.8619299,-117.2245388
673,SoulCycle LAJO - La Jolla,32.8718142,-117.2135931
674,SUJO,32.8687571,-117.2150611
675,The Boxing Club Sport & Fitness,32.8682792,-117.2152633
676,Dan McKinney Family YMCA,32.858495,-117.24261
677,Curves,32.9006888,-117.221916
678,Invictus Fitness Sorrento Valley,32.9014889,-117.222123
679,24 Hour Fitness,32.8710641,-117.2117863
680,24 Hour Fitness,32.8710721,-117.2117722
681,Rush Cycle - Carmel Valley,32.90503340000001,-117.2289521
682,G3 Kids,32.87092580000001,-117.2108028
683,Faith Fal Warrior,32.8600022,-117.2546686
684,Torrey Pines Sports Club,32.9070019,-117.2419752
685,FREE MOVEMENT,32.8758655,-117.2068937
686,Health Hound Fitness,32.8756285,-117.206942
687,Rhinos Rugby Academy,32.9068463,-117.2270651
688,1RM Performance,32.9068463,-117.2270651
689,MMA Academy,32.9045964,-117.2212745
690,ClubRX,32.90696399999999,-117.226915
691,"David Hall, MS",32.9038512,-117.2193339
692,San Diego Sports Medicine Pilates Wellness,32.90389199999999,-117.219352
693,TRU Health & Wellness,32.9079167,-117.2287078
694,Fit For Life,32.9045864,-117.2183138
695,"Soleil Hepner, Yoga PsychoTherapy",32.90982960000001,-117.2305761
696,The One Health Boutique,32.866976,-117.206478
697,Beach Sunset Yoga Hawaii - in San Diego,32.8562736,-117.2572222
698,yoga80 - Yoga San Diego,32.91107710000001,-117.2315558
699,Body By Bodde,32.8722495,-117.2029529
700,Full Spectrum Training,32.911824,-117.232986
701,San Diego Fitness,32.9052191,-117.2145031
702,Certified FitPro,32.9052831,-117.2144118
703,High Voltage Fitness gym,32.9124785,-117.2265726
704,Moda by Sofia LLC,32.913755,-117.234329
705,MODAvate Center,32.913755,-117.234329
706,VA Medical Center - Oncology/Hematology,32.875544,-117.232283
707,Veterans Administration Medical Center,32.8751299,-117.232388
708,VHS Medical Center 1A Facility,32.8751298,-117.2323881
709,"VA Medical [WEST DIV] Center: La Jolla, California",32.87474,-117.232243
710,Fresenius Medical Care at Va Medical Center San Diego Aphers,32.87473900000001,-117.232243
711,VA San Diego Healthcare System,32.8746763,-117.2314596
712,Veterans Affairs Medical Center (VAMC),32.8744577,-117.2316816
713,La Jolla Women's Surgery Center,32.8833691,-117.2265489
714,Genesis Urology - La Jolla,32.8833691,-117.2265489
715,Perlman Clinic La Jolla,32.8829119,-117.226421
716,Cardiac Arrhythmia Associates,32.8829239,-117.2263985
717,Hospital Papa,32.879558,-117.2264155
718,Girard Ortho,32.8832652,-117.2262942
719,Olde Del Mar Surgical,32.8830123,-117.2261234
720,Campus Point Patient & Visitor Parking Structure,32.8796196,-117.2260533
721,San Diego Hospital,32.87885480000001,-117.2259244
722,Sulpizio Cardiovascular Center at UC San Diego Health,32.8788316,-117.2258642
723,Sanford Stem Cell Clinical Center at UC San Diego Health,32.8775024,-117.2263648
724,ShopDoc,32.8840701,-117.22584
725,Dr K,32.884073,-117.2258373
726,San Diego Gamma Knife Center,32.88422339999999,-117.2258598
727,Ucsd Medical Group,32.8783666,-117.2258412
728,Jacobs Medical Center/Thornton Hospital,32.87818920000001,-117.2256936
729,UCSD Perlman Ambulatory Care Center,32.8779117,-117.2256695
730,MINDFUL NEUROPSYCHOLOGY PROFESSIONAL CORPORATION,32.8708575,-117.2355648
731,Thornton Pavilion,32.8779584,-117.2256247
732,Scripps Memorial Hospital La Jolla,32.8849805,-117.2254782
733,Prebys Cardiovascular Institute,32.8851544,-117.2255383
734,Scripps Memorial - Rady NICU,32.88521550000001,-117.2252365
735,Scripps Memorial Hospital La Jolla - Center For Women's Health,32.88521550000001,-117.2252365
736,Jacobs Medical Center at UC San Diego Health,32.8779842,-117.2250962
737,Applied Psychometrics,32.8708533,-117.232658
738,Medical Center Central Plant,32.8772277,-117.2250448
739,Schaetzel Center,32.8847866,-117.2246039
740,San Diego hospital,32.8847696,-117.2245736
741,Thornton Pavilion station,32.8795555,-117.2238368
742,Optimal Health and Prevention Research Foundation,32.8935415,-117.2417575
743,Moores Cancer Center at UC San Diego Health,32.8785385,-117.2227144
744,Chill,32.8946842,-117.2413902
745,Restore SD Plastic Surgery,32.8699767,-117.2278777
746,Scripps Health Corporate Office,32.887577,-117.222506
747,Alchma LLC,32.8696343,-117.2276054
748,KOP Mammography,32.8696343,-117.2276054
749,MBB2N,32.8954497,-117.2425492
750,Abbasi Medical Corporation,32.8753776,-117.2217944
751,UCSD Radiology at La Jolla,32.8698445,-117.2262713
752,Emily Fenton Hunte Breast Care Center,32.89694070000001,-117.2424721
753,Scripps Green Hospital,32.89718070000001,-117.24276
754,Dr. Adam Rosen,32.8972329,-117.2428159
755,The Fitness Guru,32.8762158,-117.2181715
756,Fresenius Medical Care at Scripps Memorial Hospital La Jolla,32.89824290000001,-117.2428911
757,Scripps Clinic Torrey Pines,32.89848130000001,-117.2428557
758,Children's Primary Care Medical Group Regents,32.873217,-117.217612
759,Regents Medical Plaza,32.8732043,-117.217609
760,La Jolla Naval Hospital,32.8717938,-117.2177712
761,Kaizen Brain Center,32.872481,-117.216856
762,Integral Medical Group Inc,32.8738099,-117.2156652
763,SuddenLife,32.8735638,-117.2150185
764,Sothema Labs USA,32.87362889999999,-117.2148955
765,Botox San Diego,32.875663,-117.2133647
766,Dogg House,32.8778062,-117.2332661
767,La Jolla Village Dry Cleaners and Tailors,32.8658022,-117.232012
768,Carpet Corps,32.87107199999999,-117.222421
769,Flood Response,32.87579280000001,-117.2178863
770,Escondido Carpet Pros,32.8706967,-117.2173949
771,SD Green Clean,32.8735415,-117.2149941
772,Colony Cleaners,32.8626061,-117.2242222
773,La Jolla Cleaners,32.8673172,-117.2156342
774,The Maids,32.9007889,-117.2220295
775,JAN-PRO of San Diego,32.903874,-117.215162
776,MNM Carpet Cleaning,32.8733992,-117.2030282
777,Soap Box,32.8732198,-117.2029923
778,North Coast Cleaners,32.866892,-117.2060262
779,Crossroads Cleaners,32.8725523,-117.2031183
780,Speedy Carpet Cleaners,32.8941402,-117.2010689
781,University city cleaners,32.8523234,-117.2158738
782,Carpet Cleaning Champs,32.9007925,-117.2035272
783,Distinctive Cleaners,32.8536452,-117.2022839
784,U-City Coin Wash,32.8534503,-117.2024693
785,Fairlane Cleaners,32.9006544,-117.1929667
786,Torrey Hills Cleaners,32.92035800000001,-117.213904
787,Tony's Best Way,32.84722,-117.27333
788,Quick-Dry Flood & Mold Spec,32.84722,-117.27333
789,Republic Master Chefs,32.9030339,-117.1892453
790,Taba Rug Gallery,32.8459463,-117.2744941
791,Silverado Cleaners,32.844844,-117.274509
792,Persian Rug Bazaar,32.84260519999999,-117.2725234
793,Maroufi Fine Rugs & Antiques,32.8427297,-117.2729795
794,Quality Cleaners,32.8410673,-117.2723876
795,Ocean Dry Cleaners,32.8408192,-117.2733497
796,MY SAN DIEGO CARPET CLEANING,32.8549578,-117.186559
797,Ogden's One Hour Cleaners,32.840273,-117.2726918
798,Servpro of Sorrento Valley,32.89895099999999,-117.180074
799,ALL IN ONE,32.8406274,-117.2755035
800,Superior Carpet & Floor Cleaning,32.83020249999999,-117.2249589
801,Personalized Building Services,32.898024,-117.1785192
802,Margaret's Cleaners,32.8395038,-117.2783084
803,Corporal Building Services Inc,32.8797175,-117.1730501
804,Pearl Street Cleaners,32.8392866,-117.2788476
805,Chem-Dry Magic Bubbles,32.828734,-117.22099
806,Coastal Chem Dry,32.8272468,-117.2301686
807,"Ace Janitorial Services, Inc.",32.8271512,-117.2301762
808,San Diego Best Carpet Care,32.8299089,-117.2148018
809,L and L Carpet Care,32.832572,-117.205644
810,Legacy Cleaners,32.93727570000001,-117.2311559
811,Expert Cleaners,32.9078043,-117.176516
812,Beasley Cleaners,32.93962560000001,-117.231532
813,Sta-Fresh Carpet Cleaners,32.8341956,-117.1967381
814,Carmel Valley Aztech Cleaning Services,32.9398655,-117.2312263
815,Lele's Cleaners Inc,32.8343127,-117.195589
816,Guzman Cleaners,32.83419199999999,-117.195609
817,R & M Chem-Dry,32.905973,-117.1725207
818,San Diego Suds,32.8353498,-117.1894659
819,The Business Cleaning Company Inc.,32.885218,-117.164564
820,Coin Laundry,32.8346579,-117.1896046
821,Melnick Carpet Cleaning,32.8368002,-117.1856845
822,AAA Floormaster,32.8899685,-117.1631052
823,MSC Janitorial Service Inc,32.889078,-117.161998
824,Rainbow International of City Coastal,32.8181,-117.2240147
825,San Diego Rug Cleaning & Repair,32.880597,-117.160579
826,Geisel Library,32.8811119,-117.237572
827,Library Returns Drop Off Box,32.8811083,-117.2375732
828,Special Collections Library,32.8811083,-117.2375732
829,University-California Library,32.88114340000001,-117.2373076
830,Snake Path,32.8810648,-117.2366202
831,Darkstar Science Fiction/Fantasy Library,32.876924,-117.240064
832,University-California Library: Gaspar Judith A,32.87708080000001,-117.2340202
833,University-California Library: O'Meara Bonnie S,32.8755653,-117.2354283
834,UCSD Biomedical Library,32.875261,-117.2368956
835,Zenobia Fragments,32.8938841,-117.2360709
836,"Kresge Library, The Scripps Research Institute",32.896354,-117.242516
837,Southwest Fisheries Sci Library,32.8704583,-117.2508796
838,Mesa Apartment 24/7 Study Room,32.8723135,-117.2198815
839,Astor Judaica Library,32.8756101,-117.2150039
840,Napster Inc,32.8977556,-117.2163376
841,Braille Institute - San Diego,32.8759178,-117.2092397
842,InFarmatik,32.9133134,-117.2309894
843,cvparkour,32.91343940000001,-117.2318715
844,Alliance Francaise de San Diego,32.9007925,-117.2035272
845,North University Community Branch Library,32.86748,-117.199133
846,University Community Branch Library,32.8541654,-117.201063
847,Fortuna Classical Music,32.8801888,-117.18359
848,Athenaeum Music & Arts Library,32.84696390000001,-117.2741933
849,Kinsella Library,32.8442602,-117.2714731
850,La Jolla Riford Library,32.8408017,-117.2761075
851,North Clairemont Library,32.8283673,-117.2065043
852,Corner Garden Little Free Library,32.8361246,-117.1850872
853,Little Free Library on Mango,32.9455736,-117.2459768
854,Spirits of St Germain Liquors,32.8699989,-117.2327225
855,Trader Joe's,32.86574529999999,-117.2317254
856,Friedenberg Olympic Pool,32.8758403,-117.2162589
857,New English Brewing - San Diego Brewery,32.9122877,-117.2319314
858,Keg N Bottle - Sorrento Valley,32.8937563,-117.202938
859,Bodega Wine & Spirits,32.8520219,-117.2144889
860,PRP Wine International,32.8991055,-117.1963877
861,Courtesy Liquors,32.8536449,-117.2035925
862,Starshine Liquor Market,32.8358887,-117.2227729
863,Keg N Bottle - La Jolla,32.8427287,-117.2724342
864,WineSellar Wine Shop,32.9035838,-117.1831814
865,The WineSellar & Brasserie,32.903599,-117.183097
866,BevMo!,32.8403827,-117.2740732
867,Little Tiger Imports,32.8384046,-117.2714235
868,Dick's Liquor,32.8397788,-117.2750514
869,Carmel Valley Market Wine & Spirits,32.9333461,-117.2530476
870,Wine Time,32.83878809999999,-117.2787485
871,Galleria Liquor,32.87899640000001,-117.1688463
872,Vintage Wine,32.8790992,-117.1677935
873,Liquor Box,32.8323358,-117.2770556
874,Plaza Wine & Spirit,32.9059881,-117.1728582
875,32 North Brewing Co.,32.882678,-117.164818
876,Diane Liquor,32.8354067,-117.1893647
877,R J Liquor,32.8232119,-117.2141027
878,San Diego Wine & Beer Co.,32.8794982,-117.1633117
879,Junior Liquor,32.8352287,-117.1868504
880,Passport Acceptance Office,32.8819927,-117.2293827
881,Pasha Housing,32.866201,-117.235976
882,California DMV Now Kiosk,32.8660688,-117.2319045
883,Onaka Planning & Economics,32.8644202,-117.2449604
884,Admiral Housing Corporation,32.8696115,-117.2210579
885,Kevin Buckley | San Diego Patent Attorney,32.874541,-117.214944
886,S Housing,32.866648,-117.2192261
887,Scott Peters For City Council,32.8755918,-117.2120898
888,Nimbus One,32.875312,-117.212168
889,US Food & Drug Administration,32.87615829999999,-117.2108647
890,XM,32.891464,-117.20096
891,Corp Espress Housing,32.856342,-117.2075695
892,Ormsby Construction,32.848857,-117.21427
893,Vistant Corporation,32.9217278,-117.2332635
894,"Financial Auditing Center, (Formerly DDSFAC)",32.9000497,-117.1902808
895,San Diego Patent Attorneys - Bold Patents Law Firm,32.9002396,-117.1903661
896,TaxConnections Inc.,32.84744200000001,-117.272436
897,San Diego Tax Law Group,32.92853279999999,-117.2390386
898,The Maxham Firm,32.92892560000001,-117.2386001
899,"Colonial Garage Smog, Registration Service & Auto Repair - La Jolla DMV",32.8432118,-117.2723047
900,SKB Law,32.856893,-117.1859139
901,San Diego Data Processing Corporation,32.831639,-117.23147
902,Fast and Easy Traffic School,32.8418682,-117.2744527
903,Legal Passport at PostalAnnex+ of La Jolla,32.840793,-117.2731561
904,San Diego Personnel,32.854621,-117.1847103
905,American Weights & Measures,32.8990578,-117.1778172
906,Ez Fast Fun Traffic School,32.8271512,-117.2301762
907,Admiral Housing Corporation,32.8896963,-117.1627058
908,Estancia La Jolla Hotel & Spa,32.8842343,-117.2445404
909,#9565 - La Jolla Coastal Classic Six-Bedroom Holiday Home,32.8804636,-117.2460692
910,Spectacular $12Mill Beach Mansion-Clear Ocean View,32.88231669999999,-117.2478888
911,BNB,32.8733294,-117.2448492
912,Residence Inn by Marriott San Diego La Jolla,32.8701284,-117.2371998
913,Sheraton La Jolla Hotel,32.8707798,-117.2319236
914,Advent Hotel Management Corporation,32.8707505,-117.2272915
915,Hyatt Regency La Jolla At Aventine,32.8706189,-117.2254923
916,La Jolla Vista,32.88171189999999,-117.2188498
917,US Suites Inc,32.8740937,-117.2177897
918,Luxurious La Jolla Loft,32.8696115,-117.2210579
919,Pasha Corporate Housing,32.874477,-117.21731
920,America Suite,32.8738885,-117.2164412
921,#8588 - Slice of Paradise Five-Bedroom Holiday Home,32.8629458,-117.2452114
922,San Diego Marriott La Jolla,32.873131,-117.215772
923,SuiteAmerica San Diego Office,32.894962,-117.21873
924,Hilton La Jolla Torrey Pines,32.9017901,-117.2438005
925,#8425 - Endless Vistas Six-Bedroom Holiday Home,32.8599054,-117.2395797
926,reeeeeeeeeeeeeeeeeeeeeeeeeeeeeeeeeeeeeeeeeee,32.8646602,-117.2194022
927,#8519 - One and Only Five-Bedroom Holiday Home,32.8623047,-117.253294
928,The Lodge at Torrey Pines,32.9041508,-117.2446377
929,Fairmont Grand Del Mar,32.8779231,-117.2100788
930,La Jolla Shores Luxury 4 Bedrooms 3 Bathrooms Residence,32.86,-117.2538
931,Kimpton hotel san diego,32.87144279999999,-117.2097552
932,Hilton Hotel,32.8744875,-117.2083091
933,Embassy Suites by Hilton San Diego La Jolla,32.874506,-117.2082297
934,Ints-Suites,32.8744222,-117.2069794
935,#8230 - Luxury by the Sea Five-Bedroom Holiday Home,32.8558433,-117.2471791
936,#8321 - Hacienda by the Sea Five-Bedroom Holiday Home,32.8574088,-117.2551924
937,#8276 - Sunshine at The Shores Three-Bedroom Holiday Home,32.856737,-117.2548457
938,#2312 - Playa La Jolla Four-Bedroom Holiday Home,32.8555427,-117.2527947
939,#8080 - SeaView Sanctuary Five-Bedroom Holiday Home,32.852628,-117.24002
940,#2301 - Sweet Escape Four-Bedroom Holiday Home,32.8555315,-117.253247
941,#8156 - Piece of Paradise in the Shores Three-Bedroom Holiday Home,32.8550052,-117.2549631
942,La Jolla Shores Rentals,32.8540387,-117.2550387
943,#8038 - La Jolla Shores Beach Bungalow III One-Bedroom Apartment,32.85316,-117.254195
944,La Jolla Shores Hotel,32.8549788,-117.2581556
945,Courtyard by Marriott San Diego Sorrento Valley,32.89550309999999,-117.2036173
946,"Hotel La Jolla, Curio Collection by Hilton",32.8511848,-117.2532459
947,La Jolla Riviera Inn,32.85219910000001,-117.257076
948,#7934A - Shores Perfection I Four-Bedroom Holiday Home,32.8511147,-117.2548665
949,#7712 - Heavenly Hillside Hideaway Six-Bedroom Holiday Home,32.8482452,-117.2436908
950,Modern Tropical Canyon Getaway,32.8535415,-117.214749
951,La Jolla Beach & Tennis Club,32.852532,-117.258967
952,Awesomesaucebeachhouse V,32.849777,-117.2557121
953,Homewood Suites by Hilton San Diego-Del Mar,32.9165934,-117.2289571
954,#7950 - Cottage by the Sea Five-Bedroom Holiday Home,32.8508848,-117.2602544
955,Hilton Garden Inn San Diego Del Mar,32.9171073,-117.2287998
956,#7910 - Vintage Cottage Two-Bedroom Holiday Home,32.8503799,-117.2606263
957,#7931 - Lookout over Paradise Four-Bedroom Holiday Home,32.84975300000001,-117.262594
958,#7930 - Cove Retreat Three-Bedroom Holiday Home,32.8494264,-117.26293
959,Holiday Inn Express & Suites San Diego-Sorrento Valley,32.8970945,-117.1935437
960,"Country Inn & Suites by Radisson, San Diego North, CA",32.8980607,-117.1925461
961,#1712 - Stunning Sunsets Six-Bedroom Holiday Home,32.8447864,-117.2615012
962,#1954 - La Jolla Ocean Views Six-Bedroom Holiday Home,32.8411081,-117.2535335
963,Hyatt House San Diego/Sorrento Mesa,32.89904310000001,-117.1914965
964,Hyatt house SD,32.89904310000001,-117.1914964
965,Extended Stay America - San Diego - Sorrento Mesa,32.8985648,-117.1904165
966,Silverado Home 4850,32.84751609999999,-117.2703666
967,La Jolla Cove Hotel & Suites,32.8496686,-117.2733338
968,Stuart Collection,32.8781795,-117.2341668
969,비치 아쿠아리움,32.8657759,-117.2506434
970,Gotthelf Art Gallery,32.87561000000001,-117.215004
971,Qualcomm Museum,32.8959644,-117.1958384
972,Claims Office,32.8927477,-117.1879623
973,Ravean/Aaron Gallery,32.8479478,-117.2746842
974,The Map & Atlas Museum of La Jolla,32.8452198,-117.2748549
975,La Jolla Historical Society Wisteria Cottage Museum,32.84512099999999,-117.27727
976,Nautical History Gallery & Museum,32.8407964,-117.2720966
977,Museum of Contemporary Art San Diego,32.8445066,-117.2781915
978,Favorite color wall mural,32.827191,-117.253882
979,QMSI recycle green,32.8802883,-117.1664071
980,Quint Gallery,32.82144900000001,-117.227501
981,Gregory Reade Sculpture,32.8179628,-117.2238305
982,Warren Mall,32.881153,-117.2348495
983,Matthews Quad,32.8789181,-117.2353218
984,Elliott Chaparral Reserve,32.8755926,-117.2354302
985,Challenge Course,32.8883139,-117.2372481
986,Blacks Beach Trailhead,32.8800989,-117.2469626
987,Throwing Field,32.8894481,-117.2416154
988,Roger’s Community Garden,32.8728966,-117.2393514
989,Scripps Coastal Reserve Biodiversity Trail,32.8758479,-117.2460076
990,Ho Chi Minh Trail Head La Jolla,32.8851641,-117.24918
991,Scripps Coastal Reserve,32.8756767,-117.2488028
992,Salk Institute Beach trail,32.8854422,-117.2508061
993,La Jolla Trail,32.88510049999999,-117.2516781
994,Saigon Trail,32.8837633,-117.2523181
995,Black beach lookout,32.88906740000001,-117.252183
996,Allen Field,32.8679039,-117.2434512
997,Scripps Coastal Meander Trailhead,32.8707582,-117.2515905
998,Mandell-Weiss Eastgate City Park,32.87605389999999,-117.2170858
999,Secret Route To Sorrento Valley,32.881508,-117.2154441
1000,Pawka Green,32.8649271,-117.2537412
1001,La Jolla Colony Park,32.86190489999999,-117.2273757
1002,Doyle Community Park,32.8646306,-117.220858
1003,Torrey Pines Elementary School Trailhead,32.8594287,-117.242141
1004,Backyard X-Scapes,32.900409,-117.221817
1005,Art Thatch,32.900414,-117.221564
1006,Villa La Jolla Park,32.8574677,-117.2346268
1007,Doyle Dog Park,32.86432140000001,-117.2171457
1008,Cliffridge Park,32.8574073,-117.2444632
1009,UTC Mall dog park,32.87020529999999,-117.2106487
1010,Genesee Highlands Park,32.8627468,-117.2150773
1011,La Jolla Shores Park,32.8589947,-117.2557447
1012,"Camp Run-A-Mutt, Sorrento Valley",32.90976299999999,-117.23076
1013,North End Blacks Beach,32.9064632,-117.2557622
1014,Kellogg Park,32.8562567,-117.2572624
1015,Rose Canyon Trailhead,32.8551387,-117.2178993
1016,Rose Canyon Open Space Park,32.8552341,-117.2176154
1017,Coast View Park,32.9116614,-117.2253579
1018,Rose Canyon Open Space Park Hiking,32.86035549999999,-117.2088044
1019,South Fork Trailhead,32.9142813,-117.2462218
1020,Coastal Sage Habitat Interpretive Trail,32.8495119,-117.2237898
1021,San Diego - La Jolla Underwater Park,32.8529349,-117.262017
1022,North Fork Trailhead,32.9162835,-117.2478
1023,Dragon's Backbone Trailhead,32.9129685,-117.2167454
1024,Parking Los Penasquitos Canyon Preserve,32.9065222,-117.206659
1025,Nobel Leash-Free Park,32.86727190000001,-117.1980671
1026,Penasquitos Canyon West Entrance,32.9065216,-117.2064049
1027,Torrey Pines State Reserve,32.91656039999999,-117.2495749
1028,Los Penasquitos Trail Head (west),32.9064941,-117.2060776
1029,Rancho Penasquitos Trail Head West,32.9064909,-117.206029
1030,Standley Recreation Center,32.8511678,-117.2102771
1031,Marcy Park,32.84455730000001,-117.2262732
1032,Torrey Hills Park,32.9175978,-117.2227477
1033,Rose Canyon,32.8405472,-117.2404755
1034,Pacific Corporate Park,32.8943613,-117.1905907
1035,Mt. Soledad National Veterans Cemetary,32.84004249999999,-117.2450298
1036,Mt. Soledad National Veterans Memorial,32.83980909999999,-117.2447094
1037,Tide Pool,32.8510252,-117.2729316
1038,South Boundary Of Matlahuayl MPA,32.8511167,-117.2733333
1039,La Jolla Natural Park,32.842617,-117.2600479
1040,Rental car,32.848335,-117.271195
1041,Torrey Hills Dog Park,32.9200487,-117.2129297
1042,Lot P503,32.8823006,-117.2357213
1043,Lot P308,32.8823403,-117.2399618
1044,Hopkins Parking Structure,32.8835963,-117.2397618
1045,Lot P206,32.87920080000001,-117.2401455
1046,Lot P206,32.87914850000001,-117.2401206
1047,Lot P207,32.8804687,-117.2413398
1048,Lot P502,32.8836621,-117.2349512
1049,Thurgood Marshall Provost's Lot,32.8813347,-117.2418567
1050,Lot P302,32.881274,-117.2420747
1051,Lot P508,32.8803157,-117.2334851
1052,Lot P303,32.88160330000001,-117.2427141
1053,Lot P304,32.8825082,-117.2427177
1054,Lot P208,32.8805694,-117.2429933
1055,"Gymnasium Lot, Scholars Lane",32.8775952,-117.2414316
1056,Gilman Parking Structure,32.8775866,-117.2337133
1057,Gilman Parking Structure,32.87737739999999,-117.2338526
1058,Lot P602,32.8767197,-117.2350928
1059,Lot P113,32.87646479999999,-117.2396807
1060,Pangea Parking Structure,32.8842556,-117.2431062
1061,P406,32.8770484,-117.2325323
1062,Lot P510,32.8815467,-117.2300099
1063,Lot P351,32.88727369999999,-117.2420118
1064,Lot P101,32.8755007,-117.2427177
1065,Lot P401,32.879463,-117.229305
1066,Lot P406,32.8766518,-117.2309678
1067,Lot P604,32.8740069,-117.2369302
1068,Lot P701,32.88113790000001,-117.2273757
1069,Lot P103,32.8728164,-117.2423503
1070,Parking C,32.8840502,-117.2267517
1071,UCSD Parking Lot 103,32.8726558,-117.2425304
1072,Parking Lot C,32.8841015,-117.2266082
1073,Lot P102,32.8719752,-117.2428096
1074,Parking Structure 507,32.8916767,-117.242534
1075,Scripps South Employee Parking Lot,32.8925465,-117.2398699
1076,Lot P751,32.87913140000001,-117.2242473
1077,Lot P702,32.881674,-117.2237008
1078,3299 Holiday Ct Parking,32.870225,-117.2320576
1079,Lot P760,32.8803028,-117.2225983
1080,One Miramar Street Parking Garage,32.8737046,-117.2253399
1081,Lot P756,32.8791713,-117.2218633
1082,Athena Parking Structure,32.8792743,-117.2217714
1083,Lot P783,32.87633119999999,-117.2225064
1084,Lot P761,32.8779705,-117.2217714
1085,Ace Parking,32.871365,-117.225455
1086,Regents Road West Lot,32.8800007,-117.2205947
1087,Premium Parking - P1365,32.8702333,-117.2260707
1088,Hyatt Regency La Jolla Valet,32.8706189,-117.2254923
1089,Hyatt Regency La Jolla Self,32.8706189,-117.2254923
1090,3636 Nobel Dr Parking,32.8688253,-117.2279113
1091,Regents Road Northeast Lot,32.8808841,-117.2192299
1092,10670 John J Hopkins Dr Parking,32.8969506,-117.2406748
1093,3655 Nobel Dr Parking,32.868042,-117.2276774
1094,Lot P781,32.8779028,-117.2188569
1095,Nierenberg Hall Lot,32.8696054,-117.2511691
1096,Nierenberg Hall Lot,32.8695613,-117.2512124
1097,Lot P782,32.8760051,-117.2188537
1098,10701-10999 John Jay Hopkins Dr Parking,32.8986422,-117.2412106
1099,Blacks Beach Park,32.8947899,-117.2516524
1100,DSDP Lot,32.86745690000001,-117.2513513
1101,Aquarium Visitor Lot,32.86514009999999,-117.2483214
1102,"Joseph D. MA, PharmD",32.8752008,-117.2358106
1103,"Sarah E. McBane, PharmD",32.8752008,-117.2358106
1104,Outpatient Pharmacy,32.8752312,-117.2325536
1105,"Robert A. Schneider, RPH",32.8749458,-117.2322794
1106,"Helen K. Park, PharmD",32.8749458,-117.2322794
1107,"Pamela A. Broder, PharmD",32.8749458,-117.2322794
1108,"Michele L. McCue, PharmD",32.8749458,-117.2322794
1109,"Andrea D. Nguyen, PharmD",32.8749458,-117.2322794
1110,"Stephen D. Funk, PharmD",32.8749458,-117.2322794
1111,"Jill S. Simonian, Pharm",32.8749458,-117.2322794
1112,"Brigitte C. to, Pharm",32.8749458,-117.2322794
1113,"Joel M. Boerth, PharmD",32.8749458,-117.2322794
1114,"Muoi GI, PharmD",32.8749458,-117.2322794
1115,"Tamara M. Ogg, RPh",32.8749458,-117.2322794
1116,"Belinda J. Martinez, PharmD",32.8749458,-117.2322794
1117,"Diana Jung, PharmD",32.8749458,-117.2322794
1118,"Danielle K. Strack, PharmD",32.8749458,-117.2322794
1119,"Eddie W. Chan, PharmD",32.8749458,-117.2322794
1120,"Lawrence A. Zelman, PharmD",32.8749458,-117.2322794
1121,"Soohyun C. Lee, PharmD",32.8749458,-117.2322794
1122,"Vahid Naini, PharmD",32.8749458,-117.2322794
1123,"Khanh L. Nguyen, PharmD",32.8749458,-117.2322794
1124,"Tina M. La, Pharm",32.8749458,-117.2322794
1125,"Scott T. Johns, PharmD",32.8749458,-117.2322794
1126,"Benjamin R. Dishman, BS",32.8749458,-117.2322794
1127,"Yovonne G. Hendley-Briggs, PharmD",32.8749458,-117.2322794
1128,"Siyuan Liu, PharmD",32.8749458,-117.2322794
1129,"Brian J. Dahl, PharmD",32.8749458,-117.2322794
1130,"Melissa K. Egan, PharmD",32.8749458,-117.2322794
1131,"Ty B. Nguyen, PharmD",32.8749458,-117.2322794
1132,"Linh L. to, PharmD",32.8749458,-117.2322794
1133,"Krystin Huynh, PharmD",32.8749458,-117.2322794
1134,"Margaret Stull, PharmD",32.8749458,-117.2322794
1135,"Candace A. Eacker, Pharm",32.8749458,-117.2322794
1136,"Risa Ishino, PharmD",32.8749458,-117.2322794
1137,"Doreen Gousset, PharmD",32.8749458,-117.2322794
1138,"Jonathan Lacro, PharmD",32.8749458,-117.2322794
1139,"Christie Tran, PharmD",32.8749458,-117.2322794
1140,"Maria K. Stubbs, RPh",32.8749458,-117.2322794
1141,"Melissa L. Christopher, PharmD",32.8749458,-117.2322794
1142,"Colin D. McGuire, Pharm",32.8749458,-117.2322794
1143,"Daniel T. Boggie, PharmD",32.8749458,-117.2322794
1144,"Rashid Kazerooni, PharmD",32.8749458,-117.2322794
1145,"Jennifer H. Floyd, PharmD",32.8749458,-117.2322794
1146,"Thanh Nguyen, PharmD",32.8749458,-117.2322794
1147,"Lisa M. Weyman, RPh",32.8749458,-117.2322794
1148,"Canh-Nhut M. Nguyen, PharmD",32.8749458,-117.2322794
1149,"Edna O. Ng-Chen, PharmD",32.8749458,-117.2322794
1150,"Ana Maria G. Mackay, PharmD",32.8749458,-117.2322794
1151,"Aram K. Penaranda, Pharm",32.8749458,-117.2322794
1152,"Christine Joy A. Pascua, PharmD",32.8749458,-117.2322794
1153,"Raquel C. Sabino, PharmD",32.8749458,-117.2322794
1154,"Hyun J. Lee, RPh",32.8749458,-117.2322794
1155,"Laleh Sadri-Naini, BS",32.8749458,-117.2322794
1156,"Thi X. Nguyen, PharmD",32.8749458,-117.2322794
1157,"Satya V. Palanki, RPH",32.8749458,-117.2322794
1158,"Lisa Arai, PharmD",32.8749458,-117.2322794
1159,"Jeffrey R. Binkley, PharmD",32.8749458,-117.2322794
1160,"Brian K. Plowman, PharmD",32.8749458,-117.2322794
1161,"Hala D. Mouwakeh, RPH",32.8749458,-117.2322794
1162,Hall-Fiske Ann-Marie,32.8751298,-117.2323881
1163,"Mirna I. Zatarain-Beckwith, MPT",32.8749458,-117.2322794
1164,"Jessica L. Johnessee, MSPT",32.8749458,-117.2322794
1165,"Julia V. Peinado, MPT",32.8749458,-117.2322794
1166,"Jason Garcia, MA",32.8749458,-117.2322794
1167,"Nancy A. Bandy, Mot",32.8749458,-117.2322794
1168,"Norman C. Tang, PT",32.8749458,-117.2322794
1169,"Amber J. Croft, DPT",32.8749458,-117.2322794
1170,"Michelle Surwillo, BS",32.8749458,-117.2322794
1171,"Septembre L. Flannery, MSPT",32.8749458,-117.2322794
1172,"Linda R. Holland, PT",32.8749458,-117.2322794
1173,"Leslie M. Straukas, PT",32.8749458,-117.2322794
1174,"Vinita W. Deshpande, PT",32.8749458,-117.2322794
1175,"Henrietta Padilla, MS",32.8749458,-117.2322794
1176,"John R. Nosworthy, PT",32.8749458,-117.2322794
1177,"Danielle M. Machado, MA",32.8749458,-117.2322794
1178,"Frederick G. Crabtree, PT",32.8749458,-117.2322794
1179,"Hayley M. Howells, MPT",32.8749458,-117.2322794
1180,"Colleen P. Beaton, PT",32.8749458,-117.2322794
1181,"Patricia E. Fornes, Physical",32.8749458,-117.2322794
1182,"Celia Minda G. Macaspac, OTR",32.8749458,-117.2322794
1183,"Katharyn D'amato, DPT",32.88307669999999,-117.2259127
1184,"Kelly L. Prescher, PT",32.87863089999999,-117.2257689
1185,Coast Physical Therapy & Sports Medicine,32.8711579,-117.2355826
1186,"Katrina M. Schouten, MPT",32.8783663,-117.2258412
1187,"Boaz Ritblatt, DPT",32.8710832,-117.235601
1188,Nora Vince DPT,32.8782834,-117.2256619
1189,"Head, Neck and Spine Center of San Diego",32.8708956,-117.2354866
1190,Nicole Skinner,32.8782434,-117.2255399
1191,"Edward W. Bezkor, DPT",32.8779117,-117.2256695
1192,Michelle Obispo McQuerry DPT,32.8779117,-117.2256695
1193,Jason Hooper DPT,32.8779117,-117.2256695
1194,Kristine Tomovich DPT,32.8779117,-117.2256695
1195,"Andy Chang, MPT",32.8708575,-117.2355649
1196,HCG San Diego,32.870856,-117.2355659
1197,"Boaz Ritblatt, DPT",32.8708377,-117.235483
1198,Biolaser Therapy,32.87073499999999,-117.236132
1199,"Desiree B. Wright, PT",32.8851544,-117.2255383
1200,San Diego Injury Network,32.870839,-117.234671
1201,Marilyn M Marshall PhD,32.8707115,-117.2347689
1202,Catherine Burgess DPT,32.87857170000001,-117.2249535
1203,"Lauren D. Hermas, MPT",32.8784312,-117.2239764
1204,Hoeck Physical Therapist Inc,32.8934959,-117.2386148
1205,Water & Sports Physical Therapy,32.893517,-117.23872
1206,"Ann Valentine, DPT",32.8696343,-117.2276054
1207,Carter McElroy MD,32.8696343,-117.2276054
1208,Esposito David,32.8699781,-117.2265858
1209,"Gillian Hoffman, PT",32.8698445,-117.2262713
1210,"Lisa Farrin-Arroyo, DPT",32.8698445,-117.2262713
1211,"Elisa Langsam, Physical",32.8698445,-117.2262713
1212,Water & Sports Physical Therapy,32.8923245,-117.2229605
1213,The Fitness Guru,32.8762158,-117.2181715
1214,"Yvonne Body, PT",32.8732268,-117.2174992
1215,"Daniel A. Walker, DPT",32.8732268,-117.2174992
1216,"Chad D. Mediate, DPT",32.87227869999999,-117.2175452
1217,Girard Orthopaedic Surgeons: Harrah Andrew,32.8722033,-117.2175798
1218,Girard Orthopaedic Surgeons: Sheehan Jessica,32.8722033,-117.2175798
1219,MDRS Marketing,32.8722033,-117.2175798
1220,Peakfinders Training Group,32.8637546,-117.2285522
1221,Milloy Allison M,32.8770514,-117.2147429
1222,UC San Diego Police Department,32.882574,-117.229726
1223,Police & Security,32.8750749,-117.2321714
1224,San Diego Police Department Northern Division,32.8768766,-117.2156345
1225,Ticket Snipers,32.846711,-117.2757864
1226,Amazon Locker - Muir,32.87904129999999,-117.2427339
1227,Amazon Locker - Ellie,32.8846043,-117.24292
1228,United States Postal Service,32.869581,-117.2324356
1229,United States Postal Service,32.8694686,-117.2323815
1230,United States Postal Service,32.8686971,-117.2150418
1231,United States Postal Service,32.9041526,-117.2223209
1232,United States Postal Service,32.9041816,-117.2203696
1233,La Jolla Shores Postal & Shipping,32.8534829,-117.2540375
1234,United States Postal Service,32.8511891,-117.2144563
1235,United States Postal Service,32.84742500000001,-117.2724438
1236,US Post Office,32.8518281,-117.1846778
1237,United States Postal Service,32.8337854,-117.2020009
1238,United States Postal Service,32.93831119999999,-117.2325593
1239,NALC,32.9063395,-117.1765853
1240,United States Postal Service,32.9383627,-117.2325392
1241,Shogun of La Jolla,32.8800079,-117.2369049
1242,Jamba Juice UCSD,32.8799906,-117.2367912
1243,Subway Restaurants,32.8799175,-117.2364996
1244,Rubio's,32.879872,-117.236404
1245,Lemongrass Asian Plates,32.8797758,-117.236473
1246,Panda Express,32.8796678,-117.2364705
1247,Bombay Coast,32.8798384,-117.2360458
1248,Burger King,32.8799274,-117.235778
1249,Seed & Sprout,32.8796415,-117.2358769
1250,Santorini Greek Island Grill,32.8797561,-117.2356982
1251,Zanzibar Cafe At the Loft,32.87960690000001,-117.2358855
1252,Tapioca Express,32.87963169999999,-117.2356142
1253,Taco Villa,32.88240690000001,-117.2348172
1254,Goody's Place and Market,32.8828992,-117.2404115
1255,Croutons,32.8785489,-117.235762
1256,Canyon Vista,32.8839368,-117.2333183
1257,Blue Pepper,32.877302,-117.240316
1258,Blue Pepper Asian Cuisine,32.87728250000001,-117.2403386
1259,Hops and Salt,32.8856385,-117.2405121
1260,Pines,32.8787816,-117.2425164
1261,Roots,32.8787774,-117.2425465
1262,Café Ventanas,32.8860786,-117.2427651
1263,Mustangs & Burros,32.8836669,-117.2448792
1264,Trinitas Private Dining & Wine Bar,32.8838084,-117.2449668
1265,Foodworx,32.8788119,-117.2304304
1266,Adobe el Restaurante at Estancia La Jolla,32.8841909,-117.2451449
1267,The Bistro at the Strand,32.88801389999999,-117.2420399
1268,Sixty-Four North,32.8749419,-117.242276
1269,Bella Vista Social Club & Caffe,32.88917899999999,-117.244
1270,Pacific Cafe @ ACTRI,32.8789106,-117.2268322
1271,James' Place Prime Seafood Sushi,32.87181099999999,-117.2408727
1272,Rock Bottom Restaurant & Brewery,32.871188,-117.2342458
1273,Mobil Mart,32.8712611,-117.2333234
1274,Rice Mary,32.8708533,-117.232658
1275,Domino's Pizza,32.8700865,-117.2333412
1276,International Market & Grill,32.870002,-117.2335705
1277,Musashi’s,32.8700127,-117.2335061
1278,Pho La Jolla,32.8700375,-117.2333603
1279,Green Acre Nautilus,32.8935192,-117.2383
1280,Torrey Club Cafe,32.8928788,-117.2426411
1281,Humphreys La Jolla Grill,32.8703607,-117.2314417
1282,DELSUSHI,32.8698143,-117.2329852
1283,Come On In! Café,32.878748,-117.223344
1284,Snooze an AM Eatery,32.8694254,-117.2325373
1285,The Melt,32.86940489999999,-117.23192
1286,Flame Broiler,32.8691073,-117.2324793
1287,Rubio's Coastal Grill,32.8691161,-117.2322178
1288,Nekter Juice Bar,32.8690924,-117.232086
1289,Kinoyume Sushi and Grill,32.8694346,-117.2310523
1290,Genesis Kitchen + Drinks,32.888466,-117.224329
1291,Rough Draft Brewing Pub - UCSD,32.87564599999999,-117.2227223
1292,Taqueria,32.8687404,-117.2306258
1293,Torrey Pints,32.8687404,-117.2306258
1294,BJ's Restaurant & Brewhouse,32.8679338,-117.2331176
1295,Mendocino Farms,32.86794619999999,-117.2328648
1296,Cliff Hanger Cafe,32.8899168,-117.2511833
1297,Drift,32.8710436,-117.2253254
1298,Barcino Grill,32.871027,-117.225332
1299,Urban Plates,32.8672092,-117.2329962
1300,Islands Restaurant La Jolla,32.8674715,-117.2315896
1301,"Seuss Room, Geisel Library",32.8810639,-117.2375705
1302,Eucalyptus Point,32.8815091,-117.2397034
1303,Solis Hall,32.8809145,-117.2397849
1304,Campus Web Office,32.8807041,-117.2400766
1305,OneStop Reservations Desk,32.879851,-117.2357949
1306,Peterson Loop,32.879842,-117.2399528
1307,Loading Dock Qualcomm Institute,32.8820374,-117.2348298
1308,Sequoyah Hall,32.88186030000001,-117.2408336
1309,Structural engineering research facility (surf),32.8796593,-117.2350715
1310,Student Services Center,32.8788033,-117.2359121
1311,Caltrans SRMD Test Facility,32.8796849,-117.2343024
1312,UCSD Study Abroad Office,32.8790457,-117.2347336
1313,Raza Resource Centro,32.8786757,-117.2351145
1314,UCtr 401 Environmental,32.8781837,-117.2359453
1315,The EnVision Arts and Engineering Maker Studio,32.880096,-117.2337663
1316,UCtr 201,32.87787100000001,-117.2364807
1317,APM,32.8790299,-117.2413533
1318,Robinson Building Complex (RBC),32.8842465,-117.2411421
1319,UC San Diego Academic Integrity Office,32.877747,-117.2357269
1320,University Center 301 (U301),32.8776122,-117.2358816
1321,UCtr 202,32.87736330000001,-117.2366839
1322,Sixth College Commuter Loungr,32.87850509999999,-117.2340798
1323,Huerta Vera Cruz Room,32.8775005,-117.2396544
1324,LGBT RC,32.87746440000001,-117.2397322
1325,MMCC,32.87899979999999,-117.2420902
1326,HSS- Humanities and Social Sciences,32.87838200000001,-117.2416726
1327,Malamud Room,32.88504020000001,-117.2410022
1328,"Rubinger Center, Bldg D,",32.881347,-117.2433951
1329,Office of Research Affairs,32.877242,-117.2345186
1330,NMSA conference,32.8844914,-117.242857
1331,ALR,32.87735290000001,-117.2335454
1332,StartR Accelerator,32.8864011,-117.2406977
1333,Biological and Physical Science,32.8764887,-117.2418679
1334,Student Affairs Office,32.8753023,-117.2369726
1335,San Diego Russian School,32.8753618,-117.2358621
1336,Beyster Auditorium,32.8869327,-117.2416715
1337,Ucsd som,32.8752008,-117.2358106
1338,Warren Field UCSD,32.8812446,-117.229366
1339,"York Hall, UCSD",32.8745613,-117.2402123
1340,Herbert F.York Undergraduate Sciences Building,32.87448300000001,-117.2400779
1341,"Biomedical Research Facility II, UCSD",32.8744664,-117.2349451
1342,Revelle Formal Lounge,32.8745686,-117.242576
1343,Central Research Services Facility,32.8735309,-117.2361963
1344,Laurel Building,32.87385190000001,-117.2345959
1345,Galbraith Hall,32.8738007,-117.2409754
1346,HDH Administration Building,32.8745081,-117.2432332
1347,UCSD NCRA,32.8911997,-117.2391641
1348,U S International Univ San Die,32.891839,-117.234413
1349,停车场,32.8922262,-117.2399569
1350,Preuss School UCSD,32.8826572,-117.2223128
1351,Childcare,32.894589,-117.2409821
1352,Erica's LAB,32.89434130000001,-117.2429056
1353,Total Raptor eXperience,32.889884,-117.251194
1354,UCSD Early Childhood Education Center and Mesa Child Development Center,32.8739351,-117.2232829
1355,Southern California Yeshiva High School,32.86556619999999,-117.2378647
1356,Beth Montessori,32.865566,-117.237865
1357,Beyster Institute,32.8650751,-117.2365021
1358,The Montessori Institute-San Diego,32.8649734,-117.2391971
1359,Coastal Observing Research & Development Center,32.86969130000001,-117.2523631
1360,UCSD,32.86529000000001,-117.230799
1361,RIMAC Arena,32.8851159,-117.2391649
1362,UCSD Triton Baseball Field,32.8815063,-117.2261854
1363,Triton Athletic Training,32.8793349,-117.2318137
1364,Helio Solutions - San Diego,32.8690811,-117.2263657
1365,Seaweed Canyon,32.86439,-117.2494629
1366,BikeLink : eLocker-Garden Communities Costa Verde Village North,32.870615,-117.2179924
1367,Torrey Wine's Inc,32.8954886,-117.2196694
1368,Halliday Management Company,32.8962711,-117.2180599
1369,Sorrento Valley Self Storage,32.8962964,-117.2180735
1370,Golden Triangle Self Storage,32.8912779,-117.2110678
1371,DasFleet,32.87468279999999,-117.2063712
1372,All Right Storage,32.9079887,-117.2284482
1373,Public Storage,32.9080971,-117.2277398
1374,Chateau 55,32.909143,-117.230574
1375,Designer Window Supply,32.9142543,-117.2326474
1376,U-Pack,32.8981142,-117.2029363
1377,Storage West,32.882551,-117.195781
1378,JSI Logistics - San Diego,32.8988562,-117.1978827
1379,WaterGarden Business Center,32.8926369,-117.1942302
1380,Local Moving San Diego,32.863543,-117.197503
1381,PRP Wine International,32.8991055,-117.1963877
1382,Bioserv Corp,32.882116,-117.190617
1383,Wrap & Go Moving,32.863652,-117.195552
1384,G/M Business Interiors,32.8892981,-117.1899089
1385,Sentry Storage Solutions,32.8817759,-117.1882815
1386,SMSC,32.896931,-117.19115
1387,San Diego Moving and Storage,32.85745689999999,-117.19538
1388,A2 Global Shipping,32.8769443,-117.1864262
1389,Maxim Integrated,32.8954079,-117.1876744
1390,Public Storage,32.89903489999999,-117.189245
1391,Full90 Sports Inc,32.90263009999999,-117.1898689
1392,Scott Bowen Iron Mountain Digital,32.84722,-117.27333
1393,JIT Express Inc,32.9029987,-117.1892111
1394,Escondido Storage,32.8819673,-117.1819921
1395,RV Specialist,32.882113,-117.181937
1396,Port Plastics - San Diego,32.9033547,-117.188295
1397,Dexcom Warehouse Suite 208,32.9034122,-117.1883264
1398,R+L Carriers,32.879652,-117.1817435
1399,Qualcomm Building BF,32.9067813,-117.1881554
1400,Public Storage,32.8778276,-117.1796901
1401,Storage San Diego - San Diego Storage Company,32.8805088,-117.1794588
1402,San Diego Local Moving,32.880515,-117.179397
1403,Cintas Document Shredding,32.9004391,-117.1836776
1404,The WineSellar & Brasserie,32.903599,-117.183097
1405,The WineSellar Wine Club,32.9035845,-117.1830591
1406,Extra Space Storage,32.878511,-117.17558
1407,Hoven,32.8271512,-117.2301762
1408,Shred Nations,32.83866100000001,-117.278937
1409,Hot Products,32.8839356,-117.171469
1410,Ferraro's Fine Juices Inc,32.88259800000001,-117.171132
1411,Tuff Shed,32.9057161,-117.1776208
1412,LeadCrunch,32.9398655,-117.2312263
1413,Low Cost Moving San Diego,32.8301608,-117.202166
1414,Sorrento Mesa Self Storage,32.90825559999999,-117.1746267
1415,Mira Mesa Self Storage,32.9050031,-117.1722363
1416,Vector Moving and Storage,32.879255,-117.166403
1417,Penske Truck Rental,32.8844818,-117.1662444
1418,Price Self Storage,32.8220412,-117.2255905
1419,Quality Systems Integrated Crp,32.9097719,-117.1742208
1420,Reliable Delivery LLC,32.882782,-117.164851
1421,Grizzly Movers - Moving Company - Moving Services,32.879763,-117.163365
1422,Big Box Storage,32.8773187,-117.1621596
1423,Theodor Seuss Geisel Memorial,32.8807912,-117.2378084
1424,Print Mates Kiosk,32.87995479999999,-117.2371201
1425,Starbucks,32.880086,-117.236406
1426,UCSD Bookstore,32.87944079999999,-117.2369353
1427,Perks Coffee Shop,32.8792299,-117.2369253
1428,Sunshine Market,32.8796303,-117.2360054
1429,Zanzibar Cafe At the Loft,32.87960690000001,-117.2358855
1430,Yogurt World UCSD,32.8792035,-117.2359921
1431,Friends Resale Shop,32.8783962,-117.2372235
1432,San Diego Supercomputer Center,32.8844393,-117.2396499
1433,Art of Espresso,32.87763949999999,-117.2391975
1434,Earl’s Place and Market,32.883906,-117.233149
1435,Groundwork Bookstore,32.87722899999999,-117.240103
1436,General Store Co-op,32.877141,-117.239889
1437,Campus Bike & Skate,32.8769364,-117.2398519
1438,Muir Woods Coffee House,32.878797,-117.2425912
1439,Short Stop Grab & Go,32.8858784,-117.2405375
1440,Peet's Coffee,32.8859845,-117.240493
1441,Sixth College Place and Market,32.8791589,-117.2310226
1442,"Joseph D. MA, PharmD",32.8752008,-117.2358106
1443,"Sarah E. McBane, PharmD",32.8752008,-117.2358106
1444,Davian's Flooring,32.874714,-117.237307
1445,The Village Market,32.8876737,-117.2419809
1446,Outpatient Pharmacy,32.8752312,-117.2325536
1447,Amazon Locker - Village,32.88800999999999,-117.242541
1448,Roger's Place and Market,32.8745036,-117.2422475
1449,"Robert A. Schneider, RPH",32.8749458,-117.2322794
1450,"Belinda J. Martinez, PharmD",32.8749458,-117.2322794
1451,"Stephen D. Funk, PharmD",32.8749458,-117.2322794
1452,"Jill S. Simonian, Pharm",32.8749458,-117.2322794
1453,"Brigitte C. to, Pharm",32.8749458,-117.2322794
1454,"Muoi GI, PharmD",32.8749458,-117.2322794
1455,"Joel M. Boerth, PharmD",32.8749458,-117.2322794
1456,"Helen K. Park, PharmD",32.8749458,-117.2322794
1457,"Andrea D. Nguyen, PharmD",32.8749458,-117.2322794
1458,"Michele L. McCue, PharmD",32.8749458,-117.2322794
1459,"Pamela A. Broder, PharmD",32.8749458,-117.2322794
1460,"Soohyun C. Lee, PharmD",32.8749458,-117.2322794
1461,"Eddie W. Chan, PharmD",32.8749458,-117.2322794
1462,"Benjamin R. Dishman, BS",32.8749458,-117.2322794
1463,"Colin D. McGuire, Pharm",32.8749458,-117.2322794
1464,"Diana Jung, PharmD",32.8749458,-117.2322794
1465,"Brian J. Dahl, PharmD",32.8749458,-117.2322794
1466,"Melissa K. Egan, PharmD",32.8749458,-117.2322794
1467,"Yelena M. Itkin, Pharm",32.8749458,-117.2322794
1468,"Danielle K. Strack, PharmD",32.8749458,-117.2322794
1469,"Thomas L. Cookson, PharmD",32.8749458,-117.2322794
1470,"Lawrence A. Zelman, PharmD",32.8749458,-117.2322794
1471,"Erin M. Mikusky, PharmD",32.8749458,-117.2322794
1472,"Jennifer J. Howard, PharmD",32.8749458,-117.2322794
1473,"Tamara M. Ogg, RPh",32.8749458,-117.2322794
1474,"Doreen Gousset, PharmD",32.8749458,-117.2322794
1475,"Candace A. Eacker, Pharm",32.8749458,-117.2322794
1476,"Vahid Naini, PharmD",32.8749458,-117.2322794
1477,"Maria K. Stubbs, RPh",32.8749458,-117.2322794
1478,"Tina M. La, Pharm",32.8749458,-117.2322794
1479,"Jonathan Lacro, PharmD",32.8749458,-117.2322794
1480,"Ana Maria G. Mackay, PharmD",32.8749458,-117.2322794
1481,"Christine Joy A. Pascua, PharmD",32.8749458,-117.2322794
1482,"Khanh L. Nguyen, PharmD",32.8749458,-117.2322794
1483,Whole Foods Market,32.8687404,-117.2306258
1484,Trader Joe's,32.86574529999999,-117.2317254
1485,French Foods,32.832217,-117.244663
1486,Food Mart,32.906596,-117.17458
1487,99 Cents Only Stores,32.83048639999999,-117.2026051
1488,Gilman Dr & Myers Dr,32.8771987,-117.235467
1489,Gilman Dr & Myers Dr,32.8770714,-117.2355396
1490,Gilman Dr & Myers Dr,32.87694860000001,-117.2355329
1491,N Torrey Pines Rd & Muir College Dr,32.8813497,-117.2436898
1492,N Torrey Pines Rd & Almahurst Row,32.8804647,-117.2440283
1493,Gilman Dr & Eucalyptus Grove Ln,32.8757813,-117.2392102
1494,Gilman Dr & Eucalyptus Grove Ln,32.8755234,-117.2389826
1495,Gilman Dr & Eucalyptus Grove Ln,32.8752655,-117.2387549
1496,N Torrey Pines Rd & Salk Institute Rd,32.88578640000001,-117.2439582
1497,N Torrey Pines Rd & Torrey Pines Scenic Dr,32.8865337,-117.2436539
1498,N Torrey Pines Rd & Torrey Pines Scenic Dr,32.8870044,-117.2437456
1499,VA Hospital,32.87483069999999,-117.2329621
1500,N Torrey Pines Rd & Torrey Pines Scenic Dr,32.887475,-117.2438372
1501,N Torrey Pines Rd & La Jolla Shores Dr,32.8749007,-117.2437961
1502,N Torrey Pines Rd & La Jolla Shores Dr,32.8747728,-117.2436448
1503,N Torrey Pines Rd & La Jolla Shores Dr,32.8746448,-117.2434935
1504,N Torrey Pines Rd & North Point Dr,32.8895582,-117.2424827
1505,Scholars Dr South & Revelle College Dr,32.8726624,-117.2415267
1506,Scholars Dr South & Revelle College Dr,32.8725317,-117.2413705
1507,Villa La Jolla Dr & La Jolla Village Dr,32.8724894,-117.2339456
1508,Scholars Dr South & Revelle College Dr,32.8724011,-117.2412143
1509,La Jolla Shores Dr & Inyaha Ln,32.8739844,-117.244955
1510,La Jolla Shores Dr & Poole St,32.8738204,-117.2448392
1511,La Jolla Village Dr & Villa La Jolla Dr,32.871875,-117.2335488
1512,N Torrey Pines Rd & Genesee Av,32.89135889999999,-117.2414051
1513,Revelle College Dr & N Torrey Pines Rd,32.8715699,-117.242042
1514,Villa La Jolla Dr & La Jolla Village Dr,32.87126049999999,-117.2339905
1515,La Jolla Village Dr & Villa La Jolla Dr,32.8714956,-117.2331072
1516,N Torrey Pines Rd & Expedition Way,32.8716419,-117.2436844
1517,Voigt Dr & Scripps Memorial Hospital,32.8826182,-117.2245244
1518,Voigt Dr & Scripps Memorial Hospital,32.88250799999999,-117.2243782
1519,Voigt Dr & Scripps Memorial Hospital,32.8823979,-117.2242321
1520,Gilman Dr & Evening Way,32.8695661,-117.2379352
1521,La Jolla Village Dr & N. Torrey Pines Rd,32.86997219999999,-117.2417928
1522,Gilman Dr & Evening Way,32.8691858,-117.2380596
1523,John Hopkins Ct & General Atomics (Building Entran,32.89399530000001,-117.2365351
1524,La Jolla Shores Dr & Horizon Way,32.8714452,-117.2469424
1525,Gilman Dr & Evening Way,32.86880550000001,-117.238184
1526,General Atomics Ct & John Hopkins Dr (Before Turn),32.894073,-117.2391911
1527,La Jolla Shores Dr & Horizon Way,32.87135860000001,-117.2472851
1528,N Torrey Pines Rd & Scripps Clinic Drwy,32.89407839999999,-117.2412599
1529,La Jolla Shores Dr & Horizon Way,32.871272,-117.2476277
1530,Medical Center Dr & Health Sciences Dr,32.8790463,-117.2222829
1531,Medical Center Dr & Health Sciences Dr,32.8790373,-117.222203
1532,10350 Science Center Dr,32.89333010000001,-117.2307013
1533,Medical Center Dr & Health Sciences Dr,32.8791399,-117.222123
1534,Genesee Av & Scripps Hospital,32.88423640000001,-117.2221709
1535,Genesee Av & Scripps Hospital,32.884358,-117.2220876
1536,Genesee Av & Scripps Hospital,32.8844796,-117.2220042
1537,N Torrey Pines Rd & Scripps Clinic Drwy,32.8946768,-117.2411852
1538,N Torrey Pines Rd & Scripps Clinic Drwy,32.8952752,-117.2411105
1539,Nobel Dr & La Jolla Village Square Drwy,32.868011,-117.231658
1540,Regents Road West Lot,32.8800013,-117.2205982
1541,Genesee Av & Campus Point Dr,32.8824855,-117.2204316
1542,Genesee Av & Campus Point Dr,32.88201829999999,-117.2200747
1543,La Jolla Shores Dr & Discovery Way,32.869503,-117.2485228
1544,Genesee Av & Campus Point Dr,32.88155109999999,-117.2197177
1545,La Jolla Shores Dr & Discovery Way,32.8693474,-117.2485568
1546,La Jolla Shores Dr & Discovery Way,32.8691919,-117.2485909
1547,La Jolla Village Dr & Lebon Dr,32.8712501,-117.2238546
1548,Teaching + Learning Commons,32.8811414,-117.2376126
1549,Eucalyptus Point,32.8814919,-117.2394106
1550,Thurgood Marshall College Lower Apartments,32.88261579999999,-117.239135
1551,Center for Research in Language,32.8805291,-117.2394335
1552,UC San Diego Jacobs School of Engineering,32.8814678,-117.2354827
1553,Institute for Nonlinear Science,32.8804933,-117.2355062
1554,Social Science Research Building,32.8807041,-117.2400766
1555,Campus Web Office,32.8807041,-117.2400766
1556,California Reading and Literature Project,32.8807041,-117.2400766
1557,Department of Electrical and Computer Engineering,32.88169879999999,-117.2352306
1558,Center for Wireless Communications,32.88169879999999,-117.2352306
1559,Media Center and Communications Building,32.8814907,-117.2402833
1560,Laboratory of Comparative Human Cognition,32.8806143,-117.24015
1561,UC San Diego School of Medicine - Continuing Medical Education,32.8806656,-117.2402136
1562,Powell Structural Components Laboratory,32.8804531,-117.2350698
1563,Charles Lee Powell Structural Research Laboratories,32.8807042,-117.234955
1564,Economics Department,32.88233759999999,-117.2405476
1565,Peterson Hall,32.8799907,-117.2402455
1566,La Jolla Symphony & Chorus,32.88240690000001,-117.2348172
1567,UCSD Sustainability Solutions Institute,32.8828307,-117.2350421
1568,Thurgood Marshall College Activities Center,32.8829101,-117.2403981
1569,Thurgood Marshall College,32.8815966,-117.2410056
1570,UCSD Gordon Center,32.88170229999999,-117.2343966
1571,Science and Engineering Research Facility (SERF),32.8799236,-117.2348769
1572,Whitaker Institute of Biomedical Engineering,32.8797084,-117.2350533
1573,Powell Structural Systems Laboratory Expansion,32.8797076,-117.2350537
1574,Powell-Focht Bioengineering Hall,32.88153390000001,-117.2343503
1575,UCSD - William J. von Liebig Center for Entrepreneurism and Technology Advancement,32.8813926,-117.2343266
1576,Center for Astrophysics and Space Sciences,32.8796682,-117.235055
1577,Warren Lecture Hall,32.8805918,-117.2344208
1578,UCSD Career Services Center,32.87844029999999,-117.2379177
1579,Earl Warren College,32.8811687,-117.2340845
1580,Academic Senate,32.8783683,-117.2371828
1581,Matthews Quad,32.8789181,-117.2353218
1582,Office of Graduate Studies,32.8785349,-117.2358307
1583,High Bay Physics Laboratory,32.8797143,-117.2343119
1584,Division of Social Sciences,32.88394400000001,-117.2404389
1585,Department of Sociology,32.8839449,-117.2404396
1586,Department of Political Science,32.8839458,-117.2404398
1587,Social Sciences Building,32.8839462,-117.240441
1588,Literature Building,32.880474,-117.2338526
1589,San Diego Supercomputer Center,32.8844393,-117.2396499
1590,University of California San Diego,32.8800604,-117.2340135
1591,Engineering Building - Unit II,32.8812026,-117.2336044
1592,CAPS - Warren College Offices,32.88180020000001,-117.2335257
1593,Computer Science and Engineering Building (EBU3B),32.88180060000001,-117.2335235
1594,Center for Networked Systems,32.8817999,-117.2335233
1595,EH&S training room,32.8781771,-117.2359932
1596,Center for Human Development,32.8790329,-117.2410296
1597,Center for NMR Spectroscopy and Imaging of Proteins,32.8807551,-117.2420287
1598,John Muir College,32.8785731,-117.2404958
1599,Center for Computational Mathematics,32.878974,-117.24111
1600,Visual Arts Center,32.8792601,-117.2339904
1601,Thurgood Marshall College Upper Apartments,32.88331580000001,-117.2417072
1602,Warren College Student Activities Center,32.8824517,-117.2333243
1603,Office of Students with Disabilities,32.8776072,-117.2369176
1604,Mandeville Annex Gallery,32.8781369,-117.2403332
1605,Alumni Relations,32.8775456,-117.2366086
1606,Early Academic Outreach Program,32.8777396,-117.2357818
1607,Muir Biology Building,32.8784187,-117.2410685
